Player,season,games,tier,goals,assists,saves,shots,score,shooting_pct,boost_per_min,avg_boost,boost_stolen,avg_speed,pct_supersonic,dist_to_ball,pct_offensive_third,demos_inflicted
CascaReborn,S17,28,9Amateur,0.25,0.321,0.321,0.929,141.679,17.857,250.86,44.438,336.821,1362.886,5.062,3162.477,19.31,0.571
DeathMuffins_03,S17,35,9Amateur,0.743,0.543,0.743,2.114,254.4,40.331,173.645,57.631,226.143,1287.33,4.601,2974.083,18.809,0.314
Godsfarm,S17,49,9Amateur,0.878,0.429,0.571,2.184,271.531,41.973,270.178,51.801,322.592,1363.739,6.456,3175.834,21.382,0.755
KAKASHIXRAGE162,S17,42,9Amateur,0.857,0.738,0.667,2.548,312.714,35.466,338.139,56.984,528.619,1463.241,11.665,2847.87,21.157,1.786
ONLYSLIM2198,S17,28,9Amateur,0.786,0.429,0.5,2.107,256.143,39.977,384.293,43.31,442.107,1389.176,8.234,3178.121,20.537,0.429
SuperThr33s,S17,43,9Amateur,0.93,0.302,1.07,2.279,306.953,39.625,207.782,51.481,325.581,1295.319,3.713,3081.207,21.439,0.558
Urgirlismysideho,S17,56,9Amateur,1.125,0.661,1.214,3.25,409.571,34.114,319.529,59.719,372.143,1397.779,8.382,3118.114,18.864,0.625
Wrychew,S17,55,9Amateur,1.218,0.655,1.273,2.909,414.782,40.717,332.125,53.238,522.036,1425.922,8.219,2879.353,21.718,0.982
Ark7000,S17,54,9Amateur,0.722,0.444,1.111,2.019,309.556,35.06,357.404,50.198,455.685,1412.36,9.628,2989.762,20.954,0.944
Colossus4203316,S17,29,9Amateur,0.345,0.414,0.586,1.862,218.138,18.062,366.74,43.136,490.345,1479.243,10.15,2892.397,20.509,1.034
Freemak1,S17,35,9Amateur,0.543,0.486,0.971,2.114,281.743,24.222,298.038,55.942,322.314,1306.871,4.485,2810.929,20.128,0.171
Itchyramrod420,S17,49,9Amateur,0.816,0.469,0.959,2.163,313.837,39.128,361.503,53.342,407.49,1439.436,8.315,3140.637,19.835,0.776
JimmJammRumHam,S17,10,9Amateur,0.2,0.2,0.8,1.2,188.4,16.667,271.094,46.095,199.7,1371.079,6.974,3093.201,12.016,0.3
Rh1nosarus,S17,29,9Amateur,1.0,0.448,0.621,3.034,326.517,34.806,259.403,52.838,336.69,1329.538,5.086,3037.236,20.028,0.31
Wollyz,S17,40,9Amateur,0.75,0.45,0.8,1.75,254.625,46.397,249.371,54.942,409.675,1386.14,5.617,3280.064,18.684,0.975
Zsynz,S17,41,9Amateur,0.659,0.463,0.732,1.951,266.829,33.339,232.13,45.924,292.805,1343.83,5.441,3177.213,23.02,0.293
Blossom,S17,51,9Amateur,1.02,0.412,1.196,2.275,328.627,40.877,232.178,53.743,248.725,1281.642,2.809,3411.89,14.147,0.588
Gratzki,S17,13,9Amateur,0.462,0.538,1.077,0.923,237.462,57.692,279.325,46.073,275.308,1340.729,6.653,3312.828,12.542,0.538
L5rry,S17,14,9Amateur,0.286,0.071,0.357,0.643,134.5,42.857,393.382,36.274,536.929,1459.911,11.369,3458.857,17.352,1.286
NoBo_ostNaga,S17,47,9Amateur,0.532,0.255,1.0,1.489,257.319,37.994,280.645,48.395,304.809,1372.284,7.018,3142.522,15.557,0.319
Protocol,S17,51,9Amateur,0.569,0.373,1.118,1.569,294.667,34.687,288.618,52.961,355.941,1367.483,6.412,2945.995,17.848,0.255
Slashfabo420,S17,39,9Amateur,0.615,0.487,0.923,1.872,289.0,32.411,338.12,48.814,325.769,1407.369,6.849,2912.474,17.788,0.282
TechnikMusic,S17,51,9Amateur,0.98,0.471,0.824,2.431,310.49,41.743,297.174,38.497,431.941,1320.829,5.476,2931.185,19.376,0.843
YERP_YERP02,S17,48,9Amateur,0.604,0.5,0.729,1.708,255.979,40.159,276.001,47.5,337.854,1402.639,7.441,3046.098,22.131,0.813
Furian,S17,54,9Amateur,1.019,0.537,1.0,2.315,343.667,40.171,344.21,51.304,441.444,1445.899,8.614,3274.209,18.287,0.704
M00KiE.,S17,8,9Amateur,0.25,0.375,0.75,1.125,170.625,32.143,268.152,50.288,192.875,1402.769,4.668,3444.791,17.939,0.75
Rocci,S17,43,9Amateur,0.953,0.419,0.814,1.767,284.535,60.797,318.792,45.575,396.14,1388.564,6.471,3139.61,18.166,1.14
StaRazor,S17,56,9Amateur,1.071,0.536,1.429,3.071,383.286,35.507,333.662,59.358,394.464,1415.693,9.449,3313.68,17.175,0.661
llToxic_Dripll,S17,16,9Amateur,0.688,0.188,1.125,1.812,276.625,40.208,358.274,42.413,356.938,1365.533,7.979,2927.867,17.119,0.375
xEaglex20X,S17,52,9Amateur,1.135,0.635,1.288,2.904,402.846,42.366,369.444,52.63,518.058,1395.557,9.222,3095.666,20.132,1.115
The_Yung_Wolf,S17,42,9Amateur,0.643,0.405,0.833,1.81,272.119,34.582,359.775,47.94,336.333,1361.243,8.153,3130.059,16.821,0.429
Tigerblood2798,S17,19,9Amateur,0.474,0.211,0.895,1.579,228.789,23.86,160.861,44.345,227.421,1294.093,3.824,3244.745,17.702,0.368
T_i_m_o_g,S17,26,9Amateur,0.769,0.308,0.962,1.654,278.038,44.264,376.856,47.763,593.0,1529.48,13.419,3189.938,20.289,2.346
FULLBL00DN8V,S17,15,9Amateur,0.8,0.2,0.467,1.733,239.333,40.222,319.715,51.697,399.4,1429.808,9.029,3077.938,23.337,0.6
Styk75,S17,28,9Amateur,0.857,0.25,1.071,1.929,303.214,43.66,215.75,53.354,314.643,1274.14,4.303,3169.062,18.286,0.571
Rich-Rollin6060,S17,20,9Amateur,0.8,0.45,0.75,2.1,268.8,42.721,293.492,33.007,194.2,1389.398,7.292,3244.142,16.262,0.35
Kalandor4,S17,2,9Amateur,0.0,0.0,0.5,1.0,65.0,0.0,236.997,27.338,146.5,1336.977,4.208,2573.052,13.21,0.0
SIashFabo420,S17,8,9Amateur,0.75,0.625,0.875,2.25,319.5,33.333,358.465,51.785,391.25,1377.216,6.542,2918.574,19.652,0.0
Rhinocersaurus,S17,14,9Amateur,1.0,0.929,0.929,2.857,377.357,34.354,261.58,52.667,309.714,1331.269,4.958,2971.896,20.81,0.5
1arrry,S17,3,9Amateur,0.0,0.0,0.667,0.333,121.667,0.0,413.465,43.162,503.333,1446.4,11.139,3175.741,12.046,2.667
ous,S17,3,9Amateur,0.667,0.0,1.0,2.0,230.667,33.333,397.454,46.421,394.667,1524.182,11.636,2822.481,15.635,0.667
Alextross,S17,7,8Contender,0.429,0.571,0.714,2.143,233.429,19.388,319.149,51.256,646.714,1340.799,5.534,2806.742,25.146,1.429
Attonas,S17,9,8Contender,1.222,0.444,0.889,2.667,324.889,47.715,334.849,51.599,525.444,1408.099,8.636,3266.647,22.189,2.444
CanadianGamer78,S17,8,8Contender,0.375,0.25,0.875,1.0,258.375,37.5,307.149,52.768,414.0,1404.526,8.981,3065.58,19.541,1.125
Carno,S17,10,8Contender,0.8,0.6,1.1,2.5,328.4,30.182,328.703,51.878,499.4,1368.564,7.074,3148.05,19.488,0.8
Sel_en_ium,S17,5,8Contender,1.2,0.6,1.0,2.8,407.6,34.286,275.627,51.117,295.6,1335.996,4.926,2917.545,16.868,0.4
Speciial_Eddy,S17,4,8Contender,0.5,0.25,0.5,1.5,243.25,33.333,281.577,48.391,278.75,1328.587,6.297,2741.239,19.081,0.5
TTV_1738,S17,5,8Contender,0.4,0.4,0.6,2.2,243.6,18.0,404.138,49.563,554.8,1448.885,12.546,2770.975,24.069,1.4
kgfan3,S17,12,8Contender,0.75,0.583,1.417,2.0,362.25,36.376,314.148,49.793,454.417,1387.914,6.448,2832.789,19.177,0.75
LGUPorkers,S17,14,8Contender,0.571,0.357,1.143,1.857,336.714,24.212,366.08,56.648,559.5,1489.487,9.352,3043.992,20.017,1.857
Lorak,S17,8,8Contender,0.875,0.375,1.375,2.5,381.375,35.0,309.011,54.186,362.25,1444.832,11.026,3321.793,15.524,0.875
MXAPh4nt0m,S17,8,8Contender,0.25,0.375,1.25,2.125,267.875,12.879,277.982,57.023,445.75,1368.133,5.047,3055.752,21.584,0.5
Nags02,S17,7,8Contender,1.0,0.143,0.857,3.571,345.0,25.952,363.82,43.512,393.429,1381.221,7.794,2800.268,19.279,0.429
Shraggaholic,S17,7,8Contender,0.429,0.429,1.714,1.857,303.0,17.143,351.698,52.426,391.714,1437.157,7.382,3289.604,18.429,0.571
XuR,S17,1,8Contender,1.0,1.0,2.0,3.0,610.0,33.333,362.0,42.7,1717.0,1455.0,9.751,3420.0,18.414,0.0
Yerrp-,S17,10,8Contender,0.8,0.4,1.3,2.2,371.6,37.5,301.618,47.428,404.0,1395.289,6.658,2901.2,17.915,0.2
beNgr33dy,S17,8,8Contender,0.375,0.375,1.625,1.875,332.375,37.5,263.494,56.107,377.0,1407.156,8.104,3270.771,17.006,0.375
Buck_Nut82,S17,4,8Contender,0.5,0.25,0.25,0.75,162.75,66.667,350.516,47.452,325.5,1437.549,9.487,3625.345,18.429,0.75
D1REW00F,S17,7,8Contender,0.571,0.286,1.0,1.0,241.143,71.429,293.604,33.173,317.857,1439.081,6.954,3331.923,15.247,0.429
Heartlesswins,S17,8,8Contender,0.75,0.875,0.5,2.75,305.5,32.143,293.507,43.771,451.75,1467.499,9.844,2665.306,21.735,0.25
IvSHAMEvI,S17,3,8Contender,1.333,0.667,1.0,2.0,367.667,66.667,366.361,41.954,261.667,1418.219,8.467,2718.337,18.76,0.333
NiicoNiccoNiii,S17,8,8Contender,1.625,0.375,0.75,2.75,410.125,58.547,435.411,51.657,445.125,1629.826,21.558,3037.994,20.297,0.875
Outlaw K3,S17,6,8Contender,0.0,0.833,0.667,1.333,198.833,0.0,394.877,49.557,472.167,1389.67,7.231,2960.269,23.918,0.667
PapaMcStuffins,S17,8,8Contender,0.625,0.5,0.875,2.75,264.875,23.333,339.951,48.268,458.5,1413.18,9.067,2842.703,21.954,0.75
IIIYummyIII,S17,3,8Contender,1.0,0.0,1.333,1.667,307.333,60.0,311.398,55.745,381.667,1458.192,7.184,3052.502,19.696,1.333
TDogPlayz,S17,3,8Contender,0.0,0.0,1.333,2.0,230.667,0.0,405.55,48.574,404.667,1453.231,9.533,3200.184,18.431,0.667
TW Desty,S17,3,8Contender,0.0,1.0,0.667,1.667,235.0,0.0,300.349,45.593,134.667,1414.241,6.993,3079.626,16.29,0.0
itsnotaxtro,S17,3,8Contender,0.333,0.667,1.667,2.333,338.667,14.286,351.06,49.28,452.667,1382.843,8.515,3297.169,17.501,0.333
nate,S17,3,8Contender,1.333,0.333,2.667,3.0,470.667,44.444,383.914,51.784,604.333,1617.768,20.236,3744.109,24.315,2.333
pacman,S17,3,8Contender,0.667,0.667,0.667,1.0,253.333,66.667,366.719,52.274,515.333,1519.295,11.048,2886.626,18.224,0.333
reserentflyer5,S17,3,8Contender,0.333,0.0,0.667,2.333,206.0,14.286,295.257,51.83,515.667,1455.788,10.139,3282.777,22.978,0.667
rwalls516r,S17,3,8Contender,0.667,0.333,1.0,2.667,314.333,25.0,406.116,47.715,388.333,1500.042,11.986,3489.6,20.889,0.333
B1scuit_Murder,S17,12,8Contender,1.0,0.667,1.083,2.417,355.083,40.079,284.717,58.378,286.75,1345.632,6.866,2838.338,17.647,0.333
OG_Cuddles_,S17,15,8Contender,0.533,0.6,0.667,1.867,276.867,32.487,329.911,49.321,364.0,1383.787,7.915,3323.176,18.506,1.0
deneyed,S17,16,8Contender,1.188,0.625,1.062,2.562,377.938,47.956,361.385,51.678,552.438,1412.371,8.181,3057.361,20.15,0.875
prestondew00,S17,5,8Contender,2.4,0.4,0.8,4.6,491.8,48.929,350.96,53.905,401.4,1592.438,16.889,3541.628,23.489,1.2
IlLuSiOnChAoS,S17,6,8Contender,0.167,0.333,1.0,0.833,201.167,13.333,291.622,54.407,316.5,1473.592,8.843,3272.535,20.024,0.667
Sugar_Biscuit20,S17,9,8Contender,0.889,0.556,1.111,2.222,331.889,50.37,348.986,55.265,381.222,1488.767,10.668,3152.876,18.516,1.0
TechFour,S17,10,8Contender,0.7,0.7,0.9,2.3,309.6,30.0,308.33,53.635,532.4,1433.868,8.443,3213.32,24.142,0.9
shadic148,S17,11,8Contender,0.909,0.364,1.091,3.182,367.636,30.815,358.445,46.841,615.909,1411.07,9.632,2743.658,23.387,0.545
DrizzyDaDizzy,S17,6,8Contender,0.5,0.833,1.0,1.5,298.0,28.571,376.154,51.086,371.5,1534.36,15.526,2867.588,18.927,0.667
Dynasty4275,S17,8,8Contender,0.625,0.5,1.5,2.125,364.0,29.167,275.409,46.193,307.125,1371.824,5.913,2666.341,17.341,0.25
NinnaHatake,S17,6,8Contender,0.333,0.333,0.667,1.833,202.0,14.815,321.443,51.365,376.5,1409.694,9.137,3294.007,17.482,0.833
Shark06,S17,8,8Contender,0.625,0.375,1.5,2.25,324.0,30.0,357.595,46.903,391.125,1398.183,9.294,2960.917,19.93,0.125
Kenzius22,S17,7,8Contender,0.857,0.286,0.714,2.0,279.143,42.857,269.098,55.498,335.571,1343.326,5.858,2885.453,18.509,0.286
Angry-Hermit,S17,4,8Contender,0.5,0.0,0.5,1.5,184.5,33.333,335.21,41.229,496.75,1476.248,11.094,2901.849,20.514,0.5
BUCKRING,S17,8,8Contender,0.75,0.5,1.375,2.5,368.25,32.967,308.881,54.345,389.75,1375.1,6.819,2818.502,18.853,0.5
brillo_padd,S17,8,8Contender,1.625,0.75,0.75,2.25,394.75,79.87,306.426,58.155,629.75,1424.848,7.56,2757.173,24.681,0.75
DEADLYFEET1001,S17,4,8Contender,0.5,0.5,1.75,3.0,342.25,16.667,378.579,40.041,557.5,1467.508,11.09,2992.113,20.024,1.0
ChadGPT,S17,12,7Prospect,1.5,0.417,1.667,3.0,458.333,52.904,308.479,51.067,451.417,1422.351,8.161,3282.038,19.01,0.667
Countrywolfz,S17,4,7Prospect,1.5,0.75,0.25,3.0,420.5,50.0,333.45,50.524,424.5,1431.853,8.748,2904.984,19.502,0.75
El_Macho,S17,7,7Prospect,0.286,0.429,1.286,1.0,242.0,28.571,344.777,49.134,391.857,1419.27,9.33,3476.452,17.954,0.429
InsaneFox05,S17,8,7Prospect,0.875,0.375,0.5,2.125,284.625,43.182,351.022,52.433,498.0,1464.085,10.015,3365.648,16.614,1.125
ShadowC081,S17,3,7Prospect,1.0,0.667,0.667,2.667,286.667,51.111,350.822,57.569,486.0,1432.8,11.883,3353.94,20.116,1.0
StickisBad,S17,4,7Prospect,1.0,1.0,1.0,3.0,411.0,33.333,295.773,57.324,496.75,1367.524,7.839,3068.8,20.377,0.5
YadiCraft,S17,4,7Prospect,0.0,0.25,0.75,1.0,188.0,0.0,338.557,51.711,595.0,1429.198,9.53,3161.941,20.92,1.25
I.R.O.H.,S17,11,7Prospect,0.545,0.545,1.545,2.818,349.091,21.212,423.423,53.493,711.182,1540.551,14.719,2902.57,22.431,1.091
IAmTheMostHumble,S17,1,7Prospect,2.0,0.0,6.0,9.0,986.0,22.222,431.0,44.55,1382.0,1552.0,14.06,3108.0,21.032,5.0
MICKSTERY,S17,4,7Prospect,0.0,0.5,1.0,2.5,281.25,0.0,303.2,53.231,574.25,1464.738,9.802,3277.515,16.989,1.0
MeOnDisplay,S17,10,7Prospect,0.6,0.3,1.0,2.1,279.4,27.667,338.096,53.372,561.7,1419.04,6.967,3343.742,16.252,1.1
RoseFanatic3615,S17,3,7Prospect,0.667,0.0,1.333,2.0,289.333,33.333,348.223,43.145,618.667,1419.498,8.782,3091.884,25.763,0.333
Sup3rm4n,S17,2,7Prospect,0.0,0.0,1.0,1.0,199.0,0.0,312.898,41.453,320.0,1450.978,7.191,3076.106,20.194,1.5
anth0tex,S17,4,7Prospect,0.5,0.0,1.5,3.25,377.75,15.385,337.368,41.364,393.0,1427.299,6.562,2919.809,17.525,0.5
kamikaze7200,S17,5,7Prospect,1.2,0.4,2.4,3.2,501.2,40.0,281.405,53.38,381.4,1385.81,7.259,3065.461,16.593,0.2
Beanie_92,S17,15,7Prospect,0.6,0.467,1.067,2.6,315.467,21.111,306.347,49.328,411.867,1468.031,12.918,3227.966,19.787,1.067
Novarchite,S17,18,7Prospect,0.667,0.222,1.444,2.056,300.722,30.917,328.255,47.775,323.389,1440.536,10.231,3352.577,16.106,0.389
Pokeninja77,S17,19,7Prospect,0.421,0.316,1.474,2.368,292.579,16.667,393.198,50.396,396.895,1460.548,12.159,3149.62,16.603,0.737
Smitty,S17,4,7Prospect,1.0,0.5,1.75,3.0,372.5,33.333,352.043,46.64,343.75,1435.987,7.668,3122.287,22.027,1.0
YourEvilTwin,S17,8,7Prospect,0.75,1.0,1.0,2.875,337.125,25.385,408.584,44.499,559.125,1471.41,10.336,3157.109,25.655,4.625
pinkpepper13,S17,12,7Prospect,0.5,0.25,1.417,2.0,299.167,25.926,270.117,45.476,321.417,1395.575,7.595,3046.328,19.974,0.417
GTU Ewoo,S17,4,7Prospect,0.5,0.0,1.25,3.5,278.25,14.286,382.386,50.786,593.75,1524.897,14.795,2912.942,26.567,1.75
Galatiq,S17,4,7Prospect,0.75,0.0,2.0,2.0,313.0,37.5,433.34,52.423,332.0,1480.091,10.81,3263.121,14.093,1.75
NV_3e00,S17,4,7Prospect,0.25,0.25,1.5,2.0,270.75,12.5,408.792,49.98,262.25,1543.971,15.077,3085.146,18.082,1.75
PolrBear <3,S17,2,7Prospect,0.0,0.0,1.0,0.5,154.5,0.0,272.5,44.485,352.5,1303.5,5.134,2935.0,16.014,0.0
Quaza GS,S17,8,7Prospect,0.75,0.25,1.0,2.125,301.875,34.028,395.116,51.768,536.375,1473.023,11.49,2931.961,21.342,0.75
TV_ImpactReapz,S17,4,7Prospect,0.0,0.25,2.0,1.0,273.25,0.0,313.008,43.909,400.25,1372.345,7.253,3221.07,18.39,0.25
thatBUGZBUNNY,S17,7,7Prospect,0.429,0.857,0.857,2.143,292.857,23.81,349.332,47.712,289.571,1411.48,7.86,2975.358,17.545,0.286
DEEJAY,S17,4,7Prospect,0.75,0.0,0.5,2.25,264.25,33.333,359.917,55.239,448.25,1516.173,10.62,3061.273,18.041,0.0
Mr Luyee,S17,8,7Prospect,0.125,0.375,1.125,1.875,224.625,6.25,302.254,56.84,277.75,1468.436,7.482,3144.76,17.701,0.5
TTV BLUNTKNG,S17,8,7Prospect,0.25,0.375,1.0,2.75,252.125,6.25,331.181,51.549,387.125,1471.971,11.915,3033.671,20.624,0.375
tlee2121,S17,6,7Prospect,0.333,0.167,1.5,2.167,276.667,22.222,330.598,46.865,339.333,1407.856,8.443,2826.274,18.305,1.0
Ary,S17,4,7Prospect,0.75,0.75,1.5,3.5,384.75,21.429,413.347,44.01,714.0,1524.618,13.399,2912.008,23.806,1.0
Benjamen W.,S17,8,7Prospect,0.5,0.25,1.125,1.75,267.75,26.667,385.151,49.334,426.5,1446.717,10.376,3210.424,17.335,0.625
HappyTurtle,S17,4,7Prospect,0.25,1.0,1.0,3.25,322.25,7.692,450.393,44.747,581.5,1547.215,12.491,3268.94,20.628,0.0
Ole.Mr.Bison.,S17,12,7Prospect,0.417,0.583,1.417,1.917,271.333,24.167,305.338,49.999,396.417,1433.109,8.647,3544.988,18.582,0.917
Vires,S17,12,7Prospect,0.833,0.5,1.917,2.5,383.833,32.929,354.409,49.08,348.917,1440.069,8.97,3001.8,16.702,0.833
Whiite Bear,S17,12,7Prospect,0.75,0.667,1.5,2.25,338.667,34.091,313.414,51.978,427.833,1441.891,10.03,3162.934,17.233,0.917
Biscuitking18,S17,4,7Prospect,0.75,0.75,1.5,3.0,365.75,25.0,390.262,49.847,421.5,1471.82,11.245,3004.387,22.612,0.25
Covi,S17,8,7Prospect,1.25,0.0,1.875,2.75,432.25,45.0,323.599,54.291,483.875,1388.701,8.086,3141.16,18.756,1.125
Engy,S17,4,7Prospect,0.25,0.5,2.0,1.5,317.0,10.0,321.248,54.755,342.25,1425.926,10.656,3108.401,15.326,0.75
MysticMax07,S17,4,7Prospect,1.0,0.25,1.5,3.25,359.75,30.769,289.732,47.949,328.5,1435.697,6.716,3130.364,17.885,0.0
Salvation,S17,8,7Prospect,0.375,0.375,1.375,2.0,262.875,15.0,259.977,48.985,305.125,1393.402,5.969,3242.223,14.321,0.125
Subj3ct,S17,4,7Prospect,0.75,0.75,1.0,2.5,267.5,37.5,239.921,53.142,245.75,1255.938,2.973,3427.677,14.205,0.75
sand D,S17,2,7Prospect,1.0,0.5,0.5,5.0,306.5,20.0,382.416,54.741,523.5,1537.141,15.467,3128.309,27.761,1.0
xXBlindBeastXx,S17,2,7Prospect,1.0,0.5,1.5,3.0,330.5,33.333,416.916,53.429,608.0,1438.841,9.764,2980.588,22.665,0.5
AwesomeBillFromDawsonville,S17,6,7Prospect,0.833,0.5,2.0,3.5,394.333,23.636,355.401,47.408,308.333,1480.221,11.936,3394.909,19.318,0.333
Paralysis_,S17,6,7Prospect,0.833,0.167,0.5,2.0,254.667,41.429,350.878,47.08,587.167,1415.765,7.648,2826.908,28.498,1.167
Shogun,S17,3,7Prospect,0.333,0.667,1.333,2.333,286.667,14.286,345.413,62.614,550.333,1454.89,9.514,3294.077,26.264,1.0
TrexReaper,S17,3,7Prospect,0.667,0.0,2.333,1.333,354.667,50.0,286.14,61.006,386.0,1430.89,8.556,3265.167,22.728,0.667
AveX InceptionZ,S17,3,7Prospect,0.333,0.667,0.667,1.333,220.667,25.0,340.032,55.319,517.667,1431.833,9.734,3402.199,19.434,1.667
Citrus Stoned,S17,12,7Prospect,0.917,0.667,1.5,2.583,386.583,35.926,290.604,52.829,361.25,1414.388,7.974,3105.181,17.416,0.583
DefNotMongo.,S17,4,7Prospect,0.5,0.0,0.5,2.5,206.5,20.0,271.923,53.003,474.0,1397.284,5.778,3165.22,22.241,0.75
Pinilla,S17,12,7Prospect,0.833,0.667,1.5,2.667,374.167,32.222,301.748,50.305,561.417,1423.518,6.883,3030.482,20.976,0.583
SpookieRL,S17,4,7Prospect,1.25,1.0,1.25,2.75,425.25,45.455,339.398,54.781,412.25,1427.072,8.672,3026.965,16.372,0.25
j5nhanna,S17,4,7Prospect,0.0,0.5,1.0,1.0,188.0,0.0,276.225,49.276,518.25,1420.939,7.296,3211.198,22.854,0.25
R00K46,S17,8,7Prospect,0.5,0.5,1.0,1.625,273.875,36.111,336.759,46.422,440.5,1418.005,7.476,2898.19,19.456,0.625
Sohl,S17,8,7Prospect,1.0,0.125,0.875,2.375,319.875,41.477,293.418,46.077,477.375,1390.302,6.047,2960.441,19.97,0.5
Trav,S17,8,7Prospect,0.375,0.5,1.0,2.25,242.25,16.25,405.059,53.803,639.625,1546.601,14.343,3219.268,23.626,2.0
ewookami,S17,3,7Prospect,1.0,0.333,0.333,3.0,276.0,33.333,389.032,43.781,574.667,1450.717,10.302,2661.974,23.142,1.333
CoryDrav3n,S17,4,7Prospect,1.0,0.75,1.0,2.75,410.0,36.364,372.727,53.439,604.25,1482.704,14.939,2880.086,21.583,2.75
DgitlSickBoy,S17,2,7Prospect,1.5,0.0,0.5,3.5,338.5,42.857,239.244,52.609,327.0,1313.515,5.415,3096.513,18.462,1.5
Bobby Dangler.,S17,8,7Prospect,1.0,0.375,1.0,3.0,347.0,32.168,318.387,51.915,559.125,1354.124,7.187,3124.804,19.074,1.125
Santa Turtle,S17,7,7Prospect,1.286,0.857,1.286,3.286,434.286,39.231,311.826,52.855,553.286,1409.748,7.224,2994.385,22.881,0.571
CaliChromatic,S17,4,7Prospect,0.75,0.25,2.25,2.5,439.25,30.0,336.612,53.618,302.0,1476.859,9.919,3267.428,18.108,0.0
GTU synbre,S17,4,7Prospect,1.25,0.5,1.5,2.0,380.5,62.5,359.22,52.471,224.25,1426.621,10.895,3075.561,17.039,0.75
renightly,S17,4,7Prospect,0.75,1.0,0.75,1.75,279.5,42.857,260.291,41.94,296.25,1364.848,6.401,2963.139,19.153,0.75
Tazlien,S17,4,7Prospect,0.5,0.25,0.75,4.0,312.25,12.5,375.453,56.826,562.0,1421.044,9.277,3214.501,21.08,1.0
Theman,S17,4,7Prospect,0.25,0.5,2.25,2.75,404.5,9.091,365.262,51.329,476.5,1370.458,8.031,3056.981,16.176,0.25
DrivingWebster,S17,1,7Prospect,0.0,1.0,1.0,2.0,226.0,0.0,272.0,47.66,397.0,1460.0,7.052,3391.0,22.566,1.0
ImLurkinn,S17,4,7Prospect,1.5,0.5,1.5,3.0,488.0,50.0,357.017,50.217,538.25,1505.432,16.148,3261.416,19.912,1.0
SniperWarrior007,S17,4,7Prospect,0.5,0.75,1.0,3.25,330.5,15.385,429.204,59.435,620.0,1501.44,13.807,2833.36,20.65,1.0
Vortex3524,S17,3,7Prospect,0.333,0.333,1.667,2.333,322.667,14.286,222.067,52.553,195.333,1377.111,4.278,3096.349,18.187,0.333
Cagehead_Ry,S17,4,7Prospect,0.5,0.0,1.75,2.75,304.25,18.182,437.833,48.777,327.0,1444.777,10.454,2912.997,15.293,0.25
SheLuvsTaco-_,S17,4,7Prospect,0.75,0.5,3.0,2.25,492.75,33.333,346.279,49.521,441.25,1459.128,11.272,3074.833,19.068,0.75
Cpt Jon Smith,S17,16,6Challenger,1.125,0.75,1.312,2.75,395.438,40.917,370.515,52.086,583.125,1455.696,9.929,2694.992,24.554,0.625
EthiKohl,S17,16,6Challenger,0.688,0.25,1.312,1.625,297.938,37.292,284.166,48.158,373.938,1430.307,6.958,2901.103,17.502,1.0
TGunn05,S17,8,6Challenger,1.875,0.5,1.5,5.0,494.125,37.626,349.43,49.414,470.375,1443.963,8.592,3145.657,21.286,0.75
TheNio,S17,7,6Challenger,0.714,0.429,0.857,2.286,307.429,31.429,407.262,48.988,481.571,1520.218,12.104,3358.556,22.531,1.571
Then000bster,S17,8,6Challenger,0.75,1.0,0.75,3.0,337.375,22.222,370.654,49.289,554.375,1398.072,9.362,3109.44,19.87,1.625
VickyViksta,S17,14,6Challenger,0.5,0.357,1.143,1.857,269.857,23.724,288.346,46.856,399.5,1340.499,5.777,3183.713,17.418,1.0
notZ0HAN,S17,1,6Challenger,1.0,1.0,2.0,4.0,404.0,25.0,322.0,51.45,650.0,1351.0,6.613,3186.0,16.424,1.0
zetsubo-teki,S17,2,6Challenger,1.0,1.5,2.0,2.5,465.0,25.0,304.5,47.445,197.0,1458.0,10.137,3094.0,11.327,1.0
BasicNP,S17,12,6Challenger,0.833,0.583,1.083,2.667,347.667,30.808,435.701,42.176,729.667,1575.418,13.273,2856.888,24.221,0.5
D_rowzz_ttv,S17,16,6Challenger,0.938,0.625,0.438,2.688,313.062,37.89,417.229,49.054,432.062,1620.674,15.829,3150.416,20.445,0.875
Fryder,S17,7,6Challenger,0.571,0.571,1.143,2.429,298.429,22.421,295.448,49.843,338.571,1375.195,4.928,2866.193,18.481,0.0
Natefrog02,S17,16,6Challenger,1.188,0.812,1.375,3.562,417.75,33.681,368.808,49.962,513.0,1526.43,11.219,2904.523,23.278,1.25
Primed,S17,7,6Challenger,0.857,0.143,1.143,2.429,313.857,35.51,319.463,47.674,351.0,1426.397,6.205,2908.602,19.722,0.714
ShazamPoof,S17,3,6Challenger,0.333,0.0,1.0,1.333,232.333,25.0,289.419,49.589,466.0,1442.182,9.187,3283.106,19.404,1.0
blindvisionary,S17,7,6Challenger,0.429,0.714,1.286,1.429,265.0,35.714,343.517,45.548,421.286,1466.092,10.028,2976.856,20.608,1.286
1999 Toyota Camry,S17,7,6Challenger,0.571,0.286,1.571,1.857,300.429,37.013,314.186,46.335,477.429,1484.713,9.131,3162.425,20.011,1.429
Boulder,S17,4,6Challenger,0.5,0.75,1.25,1.75,272.0,28.571,350.048,55.722,471.75,1550.155,14.633,3526.823,20.044,1.0
DctGti,S17,8,6Challenger,1.25,0.5,0.5,2.75,330.0,47.009,365.516,52.262,415.125,1524.113,11.482,3356.41,19.801,1.25
Miso,S17,8,6Challenger,1.0,1.125,0.625,4.25,427.25,22.456,391.852,50.553,461.0,1550.19,15.72,3085.296,23.477,1.5
TXAggie,S17,8,6Challenger,1.0,0.625,1.0,2.875,330.375,34.856,378.696,42.777,488.5,1499.401,13.555,3235.821,19.391,1.125
Treefrog,S17,8,6Challenger,0.125,0.375,1.375,2.0,230.375,7.143,425.122,50.952,356.625,1617.532,16.482,3190.394,19.9,0.625
irox,S17,16,6Challenger,0.875,0.75,1.312,2.625,387.75,33.605,317.509,50.804,525.5,1528.628,11.371,2889.945,21.054,1.688
AB26panther,S17,10,6Challenger,0.6,0.5,1.2,1.5,276.9,35.0,320.017,51.326,427.7,1458.399,10.734,3173.73,20.54,1.3
FrostII,S17,8,6Challenger,0.0,0.75,0.75,2.125,237.75,0.0,338.38,52.218,361.25,1458.836,12.133,2793.034,21.411,1.125
GTU okeanoz,S17,8,6Challenger,1.625,0.25,0.625,2.625,395.25,62.273,465.236,49.942,564.875,1650.143,20.124,2953.207,21.802,0.5
Lucas. .Nully,S17,8,6Challenger,0.5,0.75,1.0,3.25,292.75,15.758,386.614,46.381,472.625,1515.953,12.423,3047.377,23.169,1.375
Seiiko,S17,12,6Challenger,0.917,0.667,0.75,2.75,310.583,36.219,381.224,47.324,569.0,1564.281,11.556,2875.436,24.526,0.833
iAM EnG,S17,4,6Challenger,0.25,1.25,1.5,2.25,348.25,11.111,357.899,45.59,345.25,1429.726,9.48,3252.328,18.091,0.75
J A Y M E S,S17,12,6Challenger,0.667,0.333,0.833,2.417,277.833,27.265,333.48,56.016,329.333,1438.689,8.771,3199.356,16.466,1.083
NJ111_,S17,3,6Challenger,0.333,0.333,1.333,1.667,260.333,11.111,248.044,61.829,243.0,1413.755,6.231,3031.441,14.094,0.333
RaZzr EliTe,S17,5,6Challenger,0.2,0.2,1.2,1.4,226.6,13.333,334.993,54.727,562.8,1430.425,10.048,3337.876,20.818,0.6
Visilgris,S17,8,6Challenger,0.25,0.375,1.625,0.875,254.5,35.0,332.775,51.279,451.125,1461.992,11.897,3273.27,17.075,0.5
YOURDOOMED181,S17,12,6Challenger,0.917,0.5,1.583,3.25,403.833,30.079,445.122,49.841,447.417,1570.529,18.341,2878.013,19.617,1.167
mogulmaniac5480,S17,8,6Challenger,0.375,0.375,2.375,1.5,339.75,25.0,335.528,53.133,396.0,1382.359,9.89,3238.405,17.575,1.125
tan the man 1107,S17,8,6Challenger,1.125,0.0,1.75,3.625,383.125,31.731,370.579,62.082,373.25,1437.323,10.225,3075.491,16.453,0.75
JPS,S17,6,6Challenger,0.667,0.667,1.833,1.0,338.333,58.333,294.612,53.605,261.833,1395.578,9.213,3416.131,9.553,1.0
Way2Luckee,S17,8,6Challenger,0.375,0.375,1.375,1.875,288.375,20.0,295.071,50.306,458.375,1429.424,8.284,2973.341,20.353,0.0
ZippytheGnome,S17,3,6Challenger,0.333,0.333,0.667,1.333,252.333,22.222,426.325,43.149,421.667,1454.082,11.237,2931.529,21.521,0.667
dyl,S17,10,6Challenger,0.6,0.3,1.6,2.2,314.1,32.821,389.762,53.912,482.3,1453.861,11.186,2945.467,19.203,0.6
kyllonen_,S17,8,6Challenger,1.375,0.625,1.125,3.0,431.625,49.286,372.826,49.538,399.375,1493.576,11.136,2853.402,22.245,0.875
n00bpr0n,S17,2,6Challenger,0.0,0.0,1.5,0.5,221.5,0.0,308.018,49.477,320.5,1403.368,9.343,2935.947,16.38,0.5
parmeseanzo,S17,8,6Challenger,0.75,0.75,1.875,2.0,364.25,36.508,305.818,57.185,543.125,1495.624,10.134,3044.344,21.325,2.375
turboalpaca,S17,7,6Challenger,0.429,0.429,1.286,1.286,285.286,33.571,341.992,47.93,316.714,1474.24,9.547,2910.591,15.64,0.714
DontTakeMyRock,S17,4,6Challenger,0.5,0.5,2.5,1.0,373.25,50.0,293.167,52.263,349.5,1429.243,7.293,3361.604,17.667,0.75
Free.,S17,8,6Challenger,0.875,0.625,0.75,2.625,323.375,31.944,433.239,50.857,707.5,1527.134,12.3,3370.396,21.833,0.5
G Robber22,S17,8,6Challenger,0.5,0.875,0.75,2.75,278.125,17.143,327.529,53.767,382.875,1451.037,7.662,3393.102,19.035,0.75
NeitherNick,S17,4,6Challenger,0.25,0.75,1.75,1.25,302.0,20.0,383.221,50.888,444.0,1504.891,12.014,3212.107,15.533,1.75
TTV_nyquil1x,S17,4,6Challenger,1.0,0.5,0.75,3.5,330.25,28.571,403.437,53.539,454.5,1473.208,10.415,3146.475,20.785,0.75
ThisIsDrew314,S17,4,6Challenger,1.25,0.0,1.25,2.25,371.75,55.556,296.665,47.347,330.75,1466.627,10.531,3083.049,18.902,1.5
Crypt1cGames,S17,13,6Challenger,0.615,0.308,1.692,3.0,370.538,20.513,379.597,47.129,627.692,1505.734,10.886,3059.51,22.549,1.462
Ducky,S17,8,6Challenger,0.75,0.5,0.875,2.75,320.25,27.273,306.444,47.072,435.75,1458.188,9.827,3136.871,21.184,0.625
GoldenTiger5,S17,6,6Challenger,1.0,0.167,1.667,2.5,382.333,40.873,267.951,52.156,371.5,1347.68,4.716,2997.264,17.579,0.167
Ofodo,S17,14,6Challenger,0.643,0.5,1.071,2.429,322.571,26.227,314.41,47.188,569.071,1417.567,6.489,3231.645,21.706,0.571
cooper.,S17,8,6Challenger,0.375,0.5,0.5,2.375,243.25,15.341,390.478,53.407,659.125,1538.444,12.487,3081.039,21.388,1.125
EasyTactical,S17,4,6Challenger,0.75,0.5,1.5,2.0,382.75,37.5,255.09,59.015,227.25,1336.737,6.358,2980.507,14.312,0.75
Trudsky,S17,8,6Challenger,0.625,0.375,2.25,2.0,381.125,30.952,317.299,53.036,578.125,1420.581,7.539,2834.164,20.659,0.25
Twoslot,S17,8,6Challenger,0.75,0.125,1.125,2.25,325.5,32.468,321.155,46.417,472.625,1397.246,7.041,3175.552,19.173,1.25
MissionaryJackk,S17,8,6Challenger,1.625,0.125,2.0,2.25,431.625,72.5,394.209,44.658,438.25,1548.378,12.157,2990.884,19.365,0.5
WP_Merciless,S17,4,6Challenger,0.5,1.25,2.25,2.75,419.5,18.182,342.864,50.728,412.5,1516.08,14.083,3179.883,16.411,0.75
spite.,S17,4,6Challenger,1.5,0.75,1.25,2.5,381.5,60.0,366.947,44.718,442.5,1508.236,11.953,2948.634,13.519,1.0
Bsmith,S17,8,6Challenger,0.75,0.375,1.375,3.125,346.25,24.038,372.841,49.406,376.0,1576.81,13.249,2916.496,21.993,0.5
CHAZZtheDR,S17,16,6Challenger,1.062,0.25,1.0,2.938,352.312,37.06,340.618,50.935,457.812,1489.202,10.223,3099.856,21.388,0.625
doctorprofessor_,S17,13,6Challenger,0.538,0.923,0.846,2.231,303.0,19.527,320.784,52.653,514.385,1454.831,10.347,3029.983,20.748,1.615
BaggyManny,S17,4,6Challenger,0.0,0.5,2.75,1.25,353.0,0.0,383.801,48.663,739.5,1485.515,10.792,2830.167,22.67,3.25
AnarcrisT,S17,12,6Challenger,1.25,0.5,1.083,3.0,382.583,38.552,358.965,46.48,515.0,1451.182,7.413,2929.865,22.796,0.25
Lee-Lo,S17,5,6Challenger,0.4,0.0,1.0,1.2,236.0,15.0,411.92,50.511,412.0,1597.238,17.287,3013.503,16.024,0.4
MayorH (mute),S17,8,6Challenger,0.5,0.125,1.375,2.625,286.875,16.667,284.629,59.477,588.125,1447.669,7.315,3091.715,19.33,1.375
ShinxX403,S17,6,6Challenger,0.5,0.667,1.0,3.333,304.333,14.652,270.001,51.857,349.167,1343.309,7.777,3351.032,18.875,0.5
Whoviancat,S17,12,6Challenger,0.5,0.417,1.417,1.5,304.417,26.19,342.914,47.562,405.75,1476.712,11.561,3058.437,19.081,1.167
cmonchan,S17,10,6Challenger,0.6,0.6,1.1,2.6,360.8,26.503,432.292,49.193,525.5,1621.628,19.679,2792.252,24.553,2.1
lukas.kekw,S17,7,6Challenger,0.143,0.571,1.857,2.0,316.571,7.143,333.792,43.667,302.143,1399.809,7.433,2915.474,13.426,0.286
BuckNekkid15,S17,5,6Challenger,0.8,1.0,0.8,1.8,305.8,42.857,311.447,47.936,333.0,1430.785,7.532,2958.389,17.834,0.4
MagesticEagle1,S17,4,6Challenger,0.5,0.5,0.75,2.0,262.25,25.0,314.041,58.53,415.5,1428.224,11.117,2968.637,21.005,1.75
WannaBuyBubbles,S17,8,6Challenger,1.25,0.625,0.875,2.625,371.625,47.222,357.244,51.088,523.125,1448.316,13.049,3054.326,18.448,1.25
Blood12aven,S17,8,6Challenger,0.875,0.5,1.25,1.75,357.875,50.0,278.806,51.711,411.875,1477.865,8.093,2912.357,21.52,0.375
Dooober,S17,2,6Challenger,0.5,2.0,1.5,4.5,445.5,11.111,274.996,50.749,406.0,1432.764,8.082,3129.643,28.199,0.0
IndisputablyJack,S17,8,6Challenger,0.875,0.25,1.5,2.5,331.625,34.524,314.363,52.811,426.375,1437.344,11.117,3235.284,15.748,1.0
The_Wheelman_95,S17,8,6Challenger,1.125,0.25,0.375,3.625,352.875,32.452,438.007,50.131,535.5,1641.909,21.308,3125.144,23.595,2.5
Daulton .,S17,8,6Challenger,1.5,0.75,0.625,3.875,395.0,37.185,418.834,50.856,604.25,1588.065,16.52,2962.681,23.75,1.875
I love sand,S17,8,6Challenger,1.375,1.25,1.25,2.625,449.75,52.273,378.831,47.773,648.5,1487.758,15.106,2925.981,21.627,1.125
TheodoreThe2,S17,8,6Challenger,0.75,0.625,1.75,2.125,351.125,34.722,389.537,45.677,454.0,1497.71,13.39,3089.145,21.591,0.25
Norcho Rivers,S17,4,6Challenger,0.5,0.5,0.5,2.25,264.0,22.222,369.867,54.138,468.25,1406.864,7.851,3063.525,19.505,1.5
ShiftDrink,S17,4,6Challenger,1.0,0.25,1.0,2.25,348.5,44.444,288.941,53.086,372.25,1410.352,7.078,3093.981,19.49,0.25
Squart,S17,4,6Challenger,0.25,0.75,1.5,2.25,341.0,11.111,313.719,52.273,381.25,1427.997,7.095,3098.295,18.631,0.5
X_Con_worriedfly,S17,4,6Challenger,1.75,0.5,1.0,4.25,525.0,41.176,318.007,55.039,402.0,1506.601,12.573,2840.697,19.087,0.5
Zac,S17,4,6Challenger,1.0,1.5,2.0,2.5,420.25,40.0,342.507,58.161,429.0,1481.418,10.493,3045.22,20.138,1.75
Zeano,S17,4,6Challenger,1.0,1.0,0.5,2.25,339.75,44.444,464.093,43.086,384.0,1591.18,13.567,3243.737,16.662,1.0
Deifik,S17,11,6Challenger,0.818,0.273,1.0,2.273,301.909,28.052,310.778,53.743,449.545,1425.682,8.324,3415.966,21.842,0.727
Frizzbri,S17,4,6Challenger,0.75,1.25,1.75,2.0,403.25,37.5,319.691,54.469,277.0,1356.163,11.02,3228.375,14.324,0.75
Keglan,S17,4,6Challenger,0.5,0.5,0.75,1.75,252.0,28.571,388.647,51.698,475.25,1534.249,12.221,3230.9,19.4,1.75
TacoBae,S17,4,6Challenger,1.25,0.25,1.0,2.5,375.5,50.0,361.277,51.803,513.0,1491.872,13.373,2846.224,22.422,1.25
Enygmah,S17,12,6Challenger,0.917,0.417,1.0,2.833,348.667,31.905,371.821,49.653,519.083,1498.981,10.122,3211.672,22.78,0.417
dillynmario,S17,12,6Challenger,0.75,0.667,1.25,2.167,337.0,34.444,403.754,51.087,477.083,1543.555,16.194,3020.469,20.218,1.5
Flyerrr85,S17,4,6Challenger,1.75,0.75,2.5,3.25,576.25,53.846,287.49,55.683,312.0,1390.544,5.488,2774.857,20.42,0.25
GoldenKiwi.,S17,4,6Challenger,0.25,0.5,0.5,3.5,206.75,7.143,343.991,41.186,309.75,1489.936,12.018,3072.458,22.646,0.25
TheRealDaShadow,S17,4,6Challenger,0.75,0.75,1.5,2.25,410.0,33.333,427.013,48.941,608.5,1502.931,14.631,2997.587,20.095,1.5
AgentAnime07,S17,4,6Challenger,1.25,0.75,1.0,3.75,401.25,33.333,338.884,44.42,460.0,1466.159,11.796,3049.881,23.271,1.25
DinninDu,S17,8,6Challenger,0.5,0.75,1.25,2.375,308.625,20.556,340.74,43.236,335.375,1382.884,7.518,3148.486,16.678,0.75
ReedyOrange,S17,8,6Challenger,1.125,0.5,1.625,3.375,409.125,33.516,346.39,46.448,411.625,1407.996,10.356,2962.286,16.827,0.75
CarshawnLynchTTV,S17,4,6Challenger,2.0,0.75,1.0,2.75,455.5,72.727,191.702,52.518,267.5,1361.292,4.419,3245.299,24.47,0.0
P0pfgf,S17,4,6Challenger,0.5,0.25,1.5,2.0,352.0,25.0,377.683,52.224,440.5,1455.887,10.512,2837.767,23.295,1.25
Dafiya711,S17,4,6Challenger,1.25,0.5,0.5,2.0,304.0,62.5,338.986,45.929,479.75,1447.518,8.617,3054.322,22.405,0.75
Moose-182,S17,4,6Challenger,0.25,0.5,1.25,2.0,250.0,12.5,407.979,52.826,414.5,1645.3,17.899,3126.432,17.897,1.25
itz cheezus,S17,4,6Challenger,0.5,0.75,1.25,1.25,310.75,40.0,356.084,53.558,463.75,1458.968,10.125,3215.157,18.855,0.0
ChronoElevated,S17,4,6Challenger,0.5,1.75,1.75,1.75,388.5,28.571,403.206,45.991,573.75,1511.898,13.82,2971.073,24.294,1.75
Jaegie,S17,8,6Challenger,1.25,0.5,1.75,3.125,465.5,40.064,339.113,54.268,363.0,1381.71,8.558,3400.301,15.481,0.375
markoyo,S17,4,6Challenger,0.75,0.75,2.0,2.75,396.75,27.273,329.974,49.5,328.5,1549.127,13.785,3238.853,21.454,0.25
x ARC Fives x,S17,8,6Challenger,1.25,0.375,0.625,3.875,325.75,32.292,299.574,56.137,530.25,1425.129,8.295,3141.483,20.879,0.75
GameyMcGamertag,S17,2,6Challenger,0.5,1.5,1.5,1.5,327.5,33.333,314.028,49.636,552.5,1502.862,12.398,3475.811,20.256,2.5
Jay-Dea,S17,4,6Challenger,0.5,0.25,0.75,1.0,238.25,50.0,391.381,47.453,529.5,1516.611,12.847,2920.719,26.475,1.5
hank _,S17,2,6Challenger,0.0,0.0,0.5,1.5,158.0,0.0,412.964,54.9,760.0,1530.049,17.349,3563.846,19.517,0.0
Xkilk,S17,4,6Challenger,0.5,0.0,1.75,2.0,311.25,25.0,357.422,47.298,521.0,1406.698,7.79,3235.166,19.529,0.5
perk_at_play,S17,4,6Challenger,0.0,0.25,2.0,1.5,282.75,0.0,303.282,54.44,424.5,1462.791,9.973,3530.68,22.022,0.5
obwazsj08,S17,3,6Challenger,0.333,0.333,1.667,1.667,296.667,20.0,329.094,51.691,340.667,1440.718,10.076,3370.68,17.267,1.0
Ragegamingis1,S17,4,6Challenger,0.25,0.5,0.5,1.25,218.75,20.0,272.214,55.988,187.0,1429.884,8.053,3160.874,15.23,0.75
Slowlow24,S17,4,6Challenger,1.0,0.5,1.25,2.5,323.5,40.0,304.27,49.558,551.25,1517.151,9.643,2844.597,23.282,0.75
Drewski RL,S17,16,5Rival,0.688,0.812,1.5,1.938,382.5,33.333,327.226,59.528,480.875,1362.971,6.764,2840.573,22.099,1.188
Going_sTeddy,S17,8,5Rival,1.125,0.625,1.75,3.5,431.75,23.684,398.44,44.267,541.375,1508.349,14.202,2952.347,21.246,0.75
Mimetic,S17,20,5Rival,0.8,0.7,1.25,3.35,381.6,24.877,418.55,45.167,533.95,1591.074,17.394,3160.787,20.363,1.55
NanoVo1tage,S17,16,5Rival,1.062,0.438,1.688,2.688,400.0,41.499,348.936,49.547,547.125,1464.766,8.65,2857.258,20.427,0.875
ShoddyWolfman,S17,11,5Rival,0.455,0.182,1.909,2.273,317.273,20.0,313.835,45.628,416.455,1397.908,7.576,3029.856,18.333,1.0
datdude0623,S17,6,5Rival,0.833,0.333,1.0,3.333,299.667,22.222,294.335,54.429,373.667,1392.173,8.11,3097.175,24.488,0.167
dinger936,S17,11,5Rival,0.909,0.545,1.364,2.636,377.364,35.372,289.582,46.826,300.091,1356.199,6.083,2860.02,19.556,0.364
DaTurquoisOrang,S17,16,5Rival,0.312,0.188,1.75,1.375,284.875,26.042,278.301,51.374,423.938,1368.858,7.335,3044.194,19.455,0.75
Drips,S17,16,5Rival,0.438,0.438,1.0,2.125,285.875,22.522,349.63,48.824,406.062,1405.387,6.433,2920.634,16.777,0.688
Escape_Plan,S17,23,5Rival,1.174,0.957,1.304,2.913,426.913,39.971,388.399,55.854,523.565,1474.741,11.272,3229.615,21.635,0.478
ZeroPop11,S17,25,5Rival,0.68,0.64,1.16,2.64,335.12,25.827,283.69,54.406,485.36,1399.434,6.59,3146.956,19.556,0.48
jojomojo13,S17,8,5Rival,0.625,0.125,1.0,1.5,271.0,41.667,303.98,41.389,485.75,1320.368,4.913,2860.733,21.749,0.25
voakes,S17,23,5Rival,1.261,0.739,1.391,3.696,428.87,34.539,369.281,56.336,604.043,1505.766,14.452,3357.058,23.657,0.609
AceBourne4,S17,16,5Rival,0.688,0.312,2.0,2.688,385.75,26.389,371.479,58.683,497.688,1472.508,11.44,2938.715,18.547,0.875
Crimed0ge,S17,19,5Rival,0.316,0.158,0.789,1.684,216.368,33.183,282.617,51.482,488.211,1325.672,4.932,2997.331,18.637,1.158
Eternalsun,S17,16,5Rival,0.812,0.438,1.812,2.938,386.312,25.616,323.05,44.055,343.0,1395.675,7.86,2824.444,18.779,0.875
Funke,S17,10,5Rival,0.7,0.1,1.1,2.2,279.0,30.714,395.453,53.018,658.0,1547.822,14.022,3244.944,22.655,0.4
Gote,S17,10,5Rival,0.2,0.6,1.3,2.0,261.4,8.333,357.223,47.536,500.7,1434.499,8.767,2842.558,19.807,0.7
Hisen,S17,6,5Rival,0.833,0.167,1.5,1.667,331.333,50.0,386.096,45.262,306.167,1494.776,12.215,2937.611,20.966,0.333
IVIGhost,S17,10,5Rival,0.3,0.6,0.9,2.1,277.2,16.136,334.414,51.9,417.5,1477.93,8.778,3093.971,20.068,0.7
Kenji SK,S17,8,5Rival,1.75,0.75,0.875,3.875,475.375,45.208,409.232,47.582,456.0,1468.225,11.747,2576.83,22.903,0.375
MattViaAirwaves,S17,8,5Rival,0.625,1.125,1.125,2.625,357.125,17.857,339.691,52.173,533.625,1489.993,9.406,2998.697,24.849,0.25
OnePopShop88,S17,4,5Rival,1.0,1.0,0.25,2.25,336.75,44.444,289.629,48.247,615.75,1419.074,7.256,3013.122,21.15,1.25
Braybaum02,S17,8,5Rival,0.625,0.375,1.375,3.125,336.0,15.625,413.753,49.416,492.0,1589.0,15.346,2924.524,21.259,0.625
Nigel Thornbrake,S17,8,5Rival,0.375,0.5,1.0,1.0,233.5,41.667,314.055,61.947,436.0,1500.393,7.814,3223.632,17.547,0.875
cJax,S17,8,5Rival,0.875,0.25,0.75,2.125,291.0,43.182,365.429,46.794,387.0,1434.724,7.437,3219.912,18.083,0.625
AyoChil1,S17,3,5Rival,1.333,0.0,1.667,2.667,403.333,50.0,384.524,49.739,635.667,1579.34,12.633,2980.599,22.663,3.333
Nova,S17,2,5Rival,0.5,2.0,0.5,2.0,356.5,25.0,346.004,47.275,505.5,1462.929,11.215,2899.373,27.035,0.5
Redfire0817,S17,12,5Rival,1.167,0.417,1.167,2.5,373.75,47.222,489.284,48.848,628.333,1592.167,20.571,2747.382,24.41,1.333
T Sant,S17,7,5Rival,0.143,0.714,0.714,2.143,243.857,6.349,300.161,46.656,399.143,1450.371,10.463,3086.96,17.884,0.429
Brain,S17,7,5Rival,1.286,0.571,0.714,3.143,363.714,35.714,343.207,48.468,361.714,1420.734,6.983,3153.835,20.609,1.0
RPGesus.,S17,2,5Rival,0.5,1.0,0.5,2.0,279.0,25.0,539.986,49.413,468.5,1766.01,29.227,3003.142,17.73,3.5
TreeDreams,S17,3,5Rival,1.0,0.333,1.667,2.0,337.0,50.0,316.633,53.016,512.667,1509.43,13.033,3098.247,19.487,1.667
z2kay,S17,8,5Rival,0.875,1.0,1.0,2.125,382.0,39.286,371.824,49.444,524.25,1520.951,12.407,2781.368,21.278,0.875
BaldManStreamer,S17,8,5Rival,0.75,0.875,1.25,3.625,379.375,21.97,316.957,51.403,478.5,1529.943,10.254,2859.49,21.476,0.25
Barry Allen.,S17,4,5Rival,1.25,0.75,0.75,1.75,405.0,71.429,418.707,46.584,513.5,1553.735,11.875,2735.641,21.42,0.5
DeaththeKid331,S17,2,5Rival,1.0,1.0,0.5,1.5,262.0,66.667,326.797,51.181,506.0,1436.71,7.266,3367.134,23.525,0.5
Decky.,S17,8,5Rival,1.0,0.625,0.75,2.875,293.75,35.417,421.182,48.479,493.25,1564.568,14.948,3159.165,21.162,0.75
King,S17,8,5Rival,1.0,0.375,1.75,2.0,366.875,52.727,357.108,54.814,406.125,1494.912,11.386,3090.939,21.008,0.375
blizzyy,S17,8,5Rival,1.0,0.75,1.0,2.0,368.0,50.0,314.313,52.172,334.625,1395.81,7.58,2958.399,18.598,0.75
crackdragon,S17,6,5Rival,1.0,0.5,1.667,2.667,384.333,26.667,343.814,48.587,420.833,1539.684,12.405,3278.396,21.213,1.0
Pooka2854,S17,2,5Rival,0.5,0.0,1.0,1.5,274.5,33.333,435.081,46.814,834.5,1503.865,14.983,3239.568,21.209,1.5
Scramble,S17,5,5Rival,0.6,0.4,0.2,2.8,250.4,17.143,355.385,42.969,558.6,1442.371,9.94,2739.632,21.806,1.2
SheWasntReady,S17,7,5Rival,0.714,0.571,1.286,2.571,352.429,27.5,366.31,49.14,569.429,1502.736,12.559,2967.27,21.672,1.286
Yoshi,S17,4,5Rival,0.25,0.25,1.5,2.5,338.0,10.0,318.134,45.216,469.75,1494.226,9.855,2692.973,21.521,0.25
Billy_Man_Fi3h,S17,8,5Rival,0.625,0.625,1.625,2.375,388.25,27.841,392.846,51.463,629.0,1510.469,14.072,2975.646,20.145,0.625
DrProfessorNoah,S17,9,5Rival,0.444,0.556,0.667,1.889,254.333,29.63,353.9,45.792,464.667,1437.2,9.028,3206.899,22.191,0.444
DonYvan,S17,24,5Rival,0.583,0.292,2.083,2.708,372.5,20.446,355.621,52.297,494.458,1375.011,8.147,3022.019,19.478,2.083
Fynnatic,S17,12,5Rival,0.833,0.917,1.083,3.0,355.5,27.056,367.449,51.06,763.0,1571.301,14.813,3085.501,23.931,1.583
Modoz,S17,21,5Rival,0.762,0.381,1.524,2.19,381.476,37.464,370.358,52.037,411.952,1451.339,10.02,2932.112,17.245,0.524
Parkkid,S17,2,5Rival,0.0,0.0,1.0,0.5,150.0,0.0,299.513,43.867,357.5,1375.101,5.441,3367.118,16.335,0.5
RedNovaUltimate,S17,8,5Rival,1.0,0.375,1.25,3.0,329.5,34.965,292.354,51.945,311.625,1476.288,8.684,2998.602,20.077,0.375
Wyrm AJ,S17,4,5Rival,0.25,0.25,1.25,1.5,241.0,12.5,314.034,54.056,364.0,1415.593,8.835,2900.847,17.096,1.0
mykul.457,S17,8,5Rival,0.75,0.25,1.375,2.875,348.625,25.385,351.273,50.353,404.875,1482.227,10.187,3045.966,19.084,1.625
BIGbadBULLMAN13,S17,24,5Rival,0.792,1.042,1.5,2.625,383.625,31.307,427.815,51.998,651.458,1541.385,14.58,3083.315,20.754,1.375
BigChebbz,S17,4,5Rival,1.0,1.25,0.5,1.75,320.5,57.143,376.01,46.217,466.25,1496.997,10.349,3149.625,23.116,2.5
Galvarino,S17,12,5Rival,0.833,1.083,0.75,2.75,340.083,30.556,356.713,49.849,490.25,1535.6,10.338,3089.901,21.703,1.75
PrismBack.,S17,12,5Rival,1.417,0.75,1.25,3.5,439.083,43.016,320.841,49.331,446.333,1448.449,8.627,3066.83,21.741,0.667
Solar,S17,12,5Rival,1.083,0.75,0.5,2.75,356.5,39.293,370.022,46.975,411.667,1517.921,11.958,3114.213,19.576,0.833
AvgJohnson,S17,4,5Rival,0.75,0.25,1.25,2.0,344.0,37.5,274.456,56.137,381.75,1393.109,7.678,3144.872,19.876,0.75
Chase,S17,4,5Rival,0.5,0.0,1.25,3.5,306.25,14.286,386.975,45.235,478.0,1515.966,14.35,3196.73,21.41,0.75
Reeky,S17,4,5Rival,0.25,0.25,2.5,1.75,382.75,14.286,308.527,51.272,590.75,1405.07,8.827,3191.841,17.67,0.75
CarnageWolfBite,S17,4,5Rival,0.75,0.5,1.0,2.0,309.0,37.5,378.543,49.878,610.75,1575.743,14.132,3218.758,22.664,3.25
Dunnie14,S17,2,5Rival,1.0,0.0,0.0,2.5,302.0,40.0,376.254,51.623,547.0,1483.331,8.504,2538.351,24.819,1.0
ImpalerV,S17,4,5Rival,0.0,0.5,0.25,2.25,189.0,0.0,377.914,47.725,634.5,1522.806,13.296,2835.206,22.692,0.5
Paullyng1,S17,4,5Rival,0.75,0.5,1.5,2.75,377.75,27.273,336.354,48.576,552.75,1531.084,13.223,2986.363,21.941,0.75
Phynr,S17,2,5Rival,0.0,1.5,1.5,1.0,357.5,0.0,372.57,46.613,314.5,1405.603,10.38,2710.578,14.33,0.0
chawess2143,S17,4,5Rival,1.0,0.5,1.25,1.5,353.0,66.667,450.734,41.941,628.75,1520.368,13.857,2873.925,21.347,0.75
Logixaal,S17,4,5Rival,0.75,0.75,1.0,1.5,338.25,50.0,340.438,54.205,449.5,1517.894,15.795,2965.016,17.254,1.75
RickySpanish483,S17,8,5Rival,0.875,0.5,1.0,2.5,316.75,33.516,382.478,52.547,561.5,1449.892,10.484,3046.442,20.244,2.25
daggumbigfoot,S17,4,5Rival,1.0,0.5,1.75,2.0,386.0,50.0,409.92,45.09,460.0,1489.38,11.977,3248.898,21.648,2.25
levibullrush,S17,4,5Rival,0.5,0.25,0.5,2.25,229.0,22.222,393.226,49.467,448.0,1514.822,14.68,3210.408,19.355,1.75
TTV_nova_ghostfy,S17,9,5Rival,0.556,0.667,0.444,2.556,281.556,26.389,371.273,53.821,622.222,1510.527,11.97,3162.87,22.404,0.778
Cob,S17,14,5Rival,0.929,0.286,1.214,2.571,315.857,34.41,353.512,43.847,315.143,1446.912,9.092,3246.302,16.782,0.286
MatrixzTheBad,S17,20,5Rival,1.1,0.7,1.65,2.9,430.85,37.17,353.804,53.108,429.8,1434.197,8.1,3057.874,20.179,0.4
OsoGhost,S17,5,5Rival,1.0,0.4,1.0,1.6,279.0,57.143,413.612,53.55,538.0,1527.482,13.525,3060.404,21.306,1.8
PumpK4nt,S17,6,5Rival,0.333,0.833,1.167,2.667,300.333,12.121,310.666,43.464,559.833,1403.715,6.764,2784.451,25.333,1.167
RudeBoiPyro,S17,15,5Rival,0.733,0.6,1.333,2.267,356.333,29.899,411.137,48.884,439.4,1528.161,14.331,3113.589,21.413,1.133
Chulainn,S17,4,5Rival,0.75,1.0,1.0,1.75,351.25,42.857,295.64,50.179,586.25,1402.926,7.9,2759.341,20.676,0.75
stheno -_-,S17,8,5Rival,0.875,0.25,1.375,2.0,331.5,48.413,350.285,49.531,383.375,1522.993,13.255,3043.45,15.736,1.375
curlz.rl,S17,12,5Rival,0.833,0.583,0.833,2.25,336.25,36.574,371.638,52.154,456.417,1518.453,14.981,3091.813,19.072,0.5
Blaniac,S17,4,5Rival,0.5,0.0,1.5,1.5,265.25,33.333,317.39,50.178,334.5,1488.334,9.146,3152.608,17.152,1.0
Heaaavy,S17,4,5Rival,0.75,0.0,1.75,2.25,305.5,33.333,401.045,50.682,346.75,1436.961,11.469,2875.395,14.494,0.0
Rootbear,S17,4,5Rival,0.0,0.5,1.0,2.0,240.75,0.0,310.687,49.438,374.0,1492.033,11.052,3276.465,13.14,0.25
Dougie,S17,4,5Rival,1.75,0.75,1.75,3.5,500.5,50.0,400.795,44.013,585.0,1508.242,11.916,2815.024,25.245,1.0
Koach,S17,10,5Rival,0.6,1.1,0.7,2.9,345.0,21.259,370.934,48.16,571.1,1489.872,9.811,2972.574,23.464,0.4
PoopSoup,S17,12,5Rival,0.583,0.333,1.25,3.417,350.667,18.019,350.432,53.28,651.333,1491.494,10.227,3109.891,23.3,0.75
Spiderfish,S17,2,5Rival,0.5,0.5,1.5,1.0,282.0,50.0,390.806,49.647,317.5,1422.396,10.159,3285.345,17.313,1.5
kbm grifter,S17,8,5Rival,1.375,0.25,1.5,3.75,471.125,36.667,348.43,51.915,497.625,1430.973,8.746,2860.082,19.713,0.75
Bioeffect,S17,5,5Rival,0.2,0.8,0.2,0.8,230.8,26.667,387.632,43.807,537.2,1572.623,12.924,3211.197,21.374,0.6
DribblingPenguin,S17,8,5Rival,0.75,0.375,1.75,2.375,376.875,30.682,417.918,46.749,612.875,1544.846,13.044,2686.641,20.312,1.125
vikha.,S17,12,5Rival,0.75,0.333,0.75,2.083,294.333,34.762,367.475,56.719,497.833,1552.271,14.821,2907.372,21.428,0.5
xLmlt,S17,7,5Rival,1.0,0.429,1.0,1.429,317.429,71.429,311.138,50.561,245.0,1440.527,8.628,3189.765,19.949,0.571
Redline,S17,8,5Rival,0.625,0.25,0.75,2.5,266.375,22.619,243.873,51.82,413.0,1347.924,4.471,2712.016,23.462,0.0
NFURY8,S17,3,5Rival,0.667,0.333,1.333,2.667,361.667,25.0,359.302,47.54,531.333,1441.078,12.567,2918.252,19.58,0.0
Hyper,S17,7,5Rival,0.857,0.429,2.143,2.857,436.286,31.554,335.545,51.389,476.0,1535.489,13.768,3160.982,18.702,0.286
Tryhard goblin,S17,7,5Rival,0.429,0.714,1.714,2.571,333.143,15.873,286.938,52.059,507.714,1453.953,10.772,2941.527,21.182,0.571
i like bananas,S17,8,5Rival,0.875,0.5,1.375,2.875,358.25,42.157,323.568,48.85,386.0,1423.939,9.001,3068.663,19.028,0.875
lexikami,S17,4,5Rival,0.75,0.75,3.0,4.0,548.5,18.75,410.033,51.316,606.25,1564.507,19.543,2617.528,24.172,0.75
DefianceIsGod,S17,8,5Rival,1.125,0.875,0.875,1.875,337.75,61.111,362.8,48.36,623.625,1505.597,11.295,2994.167,21.866,0.875
HybridParagon,S17,4,5Rival,0.5,1.0,1.25,4.0,352.5,13.333,284.481,46.222,356.75,1448.978,6.724,2953.402,17.716,0.0
Lil Panda,S17,6,5Rival,0.667,0.5,1.333,1.833,356.333,38.333,367.138,47.158,465.5,1464.344,12.615,2645.749,22.206,1.5
Redsteel43br,S17,6,5Rival,1.833,0.667,1.167,4.167,476.333,47.078,385.645,52.184,568.667,1548.994,9.639,3078.093,22.843,1.167
Jean_Christ,S17,1,5Rival,1.0,1.0,0.0,4.0,286.0,25.0,362.0,44.74,574.0,1491.0,11.039,3189.0,22.507,4.0
MoMed09,S17,4,5Rival,0.25,0.0,1.25,2.25,263.75,11.111,266.114,49.614,369.5,1475.385,9.364,3070.657,17.803,0.5
viiiccc,S17,4,5Rival,0.25,0.25,1.75,1.5,277.75,16.667,370.262,60.903,322.5,1496.955,12.8,2990.343,15.963,0.75
Bad_Example,S17,4,5Rival,0.5,0.5,1.5,1.75,354.25,28.571,464.916,45.185,468.75,1550.351,13.577,3063.382,16.377,0.75
MummifiedRaptor,S17,4,5Rival,1.0,0.25,1.75,3.25,360.25,30.769,319.16,49.522,441.5,1383.901,7.608,2899.459,17.57,0.5
P00K1ng_RL,S17,4,5Rival,0.75,0.25,2.5,2.25,372.5,33.333,284.746,62.649,392.5,1504.132,8.863,3153.679,15.534,0.5
saucey esports fish,S17,4,5Rival,1.75,0.75,1.5,3.75,490.5,46.667,487.095,46.89,747.75,1537.837,15.244,2965.296,27.003,1.0
Pooka90,S17,3,5Rival,0.667,0.333,0.333,1.667,241.333,40.0,411.607,50.28,539.333,1495.813,14.748,3417.161,20.563,1.333
Zachs Vibes,S17,3,5Rival,0.667,0.0,1.0,1.667,258.0,40.0,327.783,44.157,497.333,1449.496,8.654,3177.238,20.903,1.333
Heca,S17,4,5Rival,0.0,0.5,1.5,2.25,235.25,0.0,433.457,57.52,716.5,1555.886,12.732,3078.058,19.74,0.5
D_MATT_,S17,3,5Rival,1.667,1.667,2.0,2.333,599.333,71.429,358.245,49.401,346.0,1443.045,9.87,2968.588,19.731,1.333
RedSavage,S17,3,5Rival,1.333,1.0,1.667,2.667,440.333,50.0,346.695,56.549,325.0,1468.163,7.776,3272.565,18.487,1.0
Sabre,S17,3,5Rival,1.333,0.333,1.0,2.667,337.0,50.0,352.784,49.741,645.667,1486.202,9.519,2895.968,19.914,0.667
pwapp,S17,3,5Rival,1.667,0.667,1.333,2.0,400.0,83.333,308.194,52.693,321.333,1464.966,10.325,3364.85,17.081,0.667
AC3KILL762,S17,4,5Rival,2.25,1.25,0.5,5.0,483.25,45.0,283.118,48.227,490.75,1431.298,7.666,2990.908,21.75,0.75
Chef yurrbo!,S17,3,5Rival,0.667,0.333,2.667,1.333,424.0,50.0,377.809,50.901,294.667,1479.114,12.066,2923.123,16.851,0.333
Armo27,S17,11,4Veteran,0.727,0.636,1.455,2.182,359.636,33.838,386.925,49.495,573.818,1536.349,14.366,2885.246,21.034,1.273
Bolts,S17,15,4Veteran,0.667,0.867,1.533,2.733,370.667,24.582,354.064,47.552,411.0,1452.641,9.435,2980.544,17.469,0.467
Chefty,S17,5,4Veteran,0.8,0.4,1.4,2.6,351.6,30.5,375.442,48.215,392.0,1499.323,8.617,2857.556,18.684,0.4
Hawkish,S17,13,4Veteran,1.154,0.615,2.154,2.769,454.0,41.307,340.318,51.281,370.385,1486.864,9.779,2755.42,19.817,0.615
Virrexo,S17,19,4Veteran,0.632,0.632,1.526,2.368,356.579,27.204,407.044,54.247,457.263,1544.835,15.333,2965.029,18.513,0.842
huntsman.,S17,8,4Veteran,0.75,0.5,1.125,2.75,324.625,27.5,410.695,43.45,554.125,1583.854,15.949,2661.561,20.988,2.25
iProfessorEx,S17,5,4Veteran,0.8,0.4,1.4,1.4,342.0,53.333,347.548,47.133,497.0,1473.376,9.722,3236.222,15.539,0.4
sturmo.,S17,15,4Veteran,0.933,0.4,1.133,2.267,327.4,42.127,409.553,49.17,565.4,1528.093,15.98,3036.576,21.281,1.333
FriendBrady,S17,4,4Veteran,0.5,0.25,1.5,2.75,282.75,18.182,468.254,43.706,826.75,1702.44,20.557,3432.39,26.1,1.25
Pana,S17,8,4Veteran,1.125,0.375,1.125,3.5,363.5,32.051,423.988,49.652,471.875,1600.442,18.277,3235.927,20.775,1.0
SAN x Finesse,S17,10,4Veteran,0.4,0.7,1.0,1.9,272.2,21.143,467.403,46.823,684.8,1593.394,16.902,2842.199,24.154,1.0
duk,S17,13,4Veteran,0.692,0.615,1.385,2.077,313.0,34.188,386.043,46.676,503.385,1538.287,12.284,3154.119,21.604,1.846
mykopolis,S17,8,4Veteran,1.25,0.625,1.625,4.0,436.375,30.159,366.591,51.839,507.125,1515.131,10.693,3241.188,22.111,0.75
wicked,S17,12,4Veteran,0.75,0.5,2.25,3.25,418.167,24.382,416.567,52.067,554.333,1605.847,18.564,3124.41,21.834,1.333
Bop.-.,S17,8,4Veteran,1.625,0.875,1.5,3.875,489.5,42.647,321.542,49.875,479.125,1431.749,9.685,2798.623,20.17,0.875
CommanderBoy,S17,8,4Veteran,1.0,0.875,2.125,2.75,467.125,36.364,372.263,44.849,551.75,1539.571,15.137,2863.039,21.128,1.75
Mr.Numb3rz,S17,6,4Veteran,0.667,0.833,1.0,2.667,363.667,23.81,358.041,51.303,423.0,1452.506,8.964,2964.414,17.356,0.833
Nano,S17,4,4Veteran,0.5,0.0,2.0,2.75,331.0,18.182,393.123,46.237,562.75,1447.447,11.991,3203.435,17.24,1.0
Pre,S17,12,4Veteran,0.5,0.667,0.833,1.917,251.833,24.769,353.559,47.753,458.333,1476.392,10.487,3251.032,21.935,1.167
Tootie,S17,4,4Veteran,0.75,0.25,1.75,1.75,397.0,42.857,358.741,52.242,529.75,1429.812,9.766,3578.084,15.118,1.5
troompet,S17,8,4Veteran,0.75,0.625,1.125,2.5,365.5,30.303,304.445,46.723,427.625,1500.317,8.447,2874.667,17.183,0.625
Braedyn,S17,17,4Veteran,0.824,0.647,1.118,2.647,356.176,32.077,344.65,44.624,516.471,1437.762,9.009,2973.951,19.534,0.765
FrequentlyJones,S17,8,4Veteran,1.125,0.5,2.125,2.75,437.625,41.453,362.564,46.648,447.375,1446.58,10.575,2838.754,17.565,0.5
Stingray,S17,4,4Veteran,1.75,0.25,1.25,3.5,439.5,50.0,363.185,52.905,335.0,1493.646,11.547,3320.41,18.169,0.25
Tazrm,S17,16,4Veteran,0.875,0.375,1.5,2.0,347.562,44.583,388.078,47.69,399.875,1520.8,14.825,3160.808,16.973,0.812
chimmy,S17,12,4Veteran,0.5,0.75,1.333,2.333,340.917,20.808,402.131,49.596,475.083,1482.953,12.631,3199.17,18.565,0.583
jknop2,S17,19,4Veteran,0.684,0.474,1.316,1.842,330.105,34.842,348.158,48.257,540.105,1477.755,11.163,3173.227,20.265,1.842
Chis,S17,9,4Veteran,0.778,0.667,1.222,2.111,322.778,37.302,307.651,53.994,485.444,1453.559,9.057,2826.518,19.543,1.222
GorillaCream707,S17,9,4Veteran,0.778,1.222,1.556,2.222,388.0,26.19,333.798,54.156,453.222,1388.212,6.75,3122.895,18.483,0.333
Keiko,S17,9,4Veteran,1.333,0.444,1.222,4.0,398.444,33.275,365.192,50.969,459.778,1552.247,12.061,3063.576,19.032,0.667
LMAO Beer Me,S17,9,4Veteran,1.444,0.444,0.889,2.889,396.333,55.199,460.98,47.132,759.889,1589.484,15.928,3235.684,21.82,1.333
Poptart Pounder,S17,12,4Veteran,1.5,0.917,1.167,3.333,443.833,44.444,443.281,49.259,663.833,1637.426,18.267,3167.466,24.059,1.083
Riddle,S17,7,4Veteran,1.143,0.714,1.143,2.0,349.0,50.714,293.166,47.626,353.714,1417.565,8.551,3165.527,20.088,0.286
gregy.,S17,12,4Veteran,1.167,0.75,1.25,3.917,416.667,29.861,357.827,46.262,402.167,1447.059,9.609,2764.461,21.371,1.0
Armando,S17,12,4Veteran,0.583,0.417,1.333,2.0,297.667,27.222,369.817,48.915,404.0,1511.738,12.206,3302.595,19.12,1.5
Geriatric Monty,S17,7,4Veteran,0.429,1.0,0.571,1.857,278.714,18.367,397.011,49.208,588.857,1592.746,15.064,3018.727,22.854,1.429
Mayhem,S17,12,4Veteran,0.75,0.333,0.917,2.667,328.0,28.803,353.483,51.029,512.833,1513.958,11.565,3018.529,26.356,2.083
gcol,S17,12,4Veteran,0.75,0.667,1.417,2.917,338.833,25.931,440.373,45.624,530.25,1471.206,11.254,3106.367,21.665,0.667
Bosnia_2003,S17,8,4Veteran,0.5,0.25,1.875,2.25,344.875,20.833,393.437,45.533,448.125,1465.937,10.056,2758.833,22.374,0.375
J.,S17,12,4Veteran,0.583,1.0,1.75,3.0,373.667,19.586,390.617,43.209,503.25,1557.597,12.824,3072.452,22.781,0.583
Lead,S17,4,4Veteran,0.25,0.25,1.0,2.0,240.75,12.5,399.913,45.508,458.5,1460.984,10.895,3060.582,19.191,1.0
Saucy Rexy,S17,12,4Veteran,1.25,0.333,1.0,2.75,361.667,45.185,339.485,53.273,430.667,1508.697,9.174,3147.724,20.979,0.583
bradySC.,S17,12,4Veteran,0.833,0.75,1.083,2.167,345.167,37.5,371.376,48.818,432.0,1567.799,15.198,2948.75,22.853,0.833
hoyci,S17,16,4Veteran,0.75,0.438,1.188,2.125,325.875,32.955,332.495,49.148,581.438,1434.739,10.303,2874.228,20.966,1.375
aculStingray,S17,13,4Veteran,0.692,0.308,1.692,2.692,360.231,23.462,375.636,53.288,390.769,1531.079,14.746,3096.807,14.773,0.769
A Calm Panda,S17,16,4Veteran,0.875,0.562,1.875,2.688,407.25,28.438,414.879,50.727,552.5,1571.202,17.902,3015.77,21.105,1.062
Mathews175,S17,16,4Veteran,1.125,0.625,1.312,3.062,409.25,37.288,398.531,49.571,514.812,1552.153,12.959,2993.653,20.954,1.375
TheCroctopusTV,S17,4,4Veteran,0.25,1.0,0.75,1.5,250.25,16.667,351.756,49.701,460.0,1510.239,13.965,3119.624,19.607,0.75
.TOR.,S17,8,4Veteran,0.25,0.25,1.5,3.0,264.875,7.143,379.169,49.085,475.875,1513.948,11.784,3049.766,21.471,0.5
Bachleon,S17,14,4Veteran,0.571,0.5,1.286,2.286,298.429,24.036,316.461,46.813,441.929,1399.489,8.067,2978.79,21.765,0.429
Mikee GFuelcom,S17,16,4Veteran,0.625,0.438,1.438,2.438,340.188,28.904,358.916,49.1,405.375,1415.217,9.138,3241.879,19.631,0.438
Rebel,S17,16,4Veteran,0.375,0.25,1.375,2.875,299.438,14.792,405.489,53.342,409.875,1549.465,13.651,3076.26,20.779,0.188
Viper15,S17,12,4Veteran,0.75,0.333,1.667,2.25,358.917,32.685,376.907,51.463,458.917,1552.465,12.597,2992.075,21.34,1.0
bovi,S17,9,4Veteran,0.889,0.444,1.111,2.333,352.111,38.384,376.198,49.513,585.667,1538.556,11.506,2961.841,22.143,0.556
5pike,S17,4,4Veteran,0.5,0.75,0.5,2.0,232.25,25.0,381.216,49.588,655.25,1551.436,15.55,3012.776,22.427,1.75
Debt,S17,4,4Veteran,0.75,0.25,0.75,1.5,254.0,50.0,313.552,49.017,402.0,1388.458,6.24,2884.108,18.066,0.75
MD,S17,17,4Veteran,0.824,0.765,1.412,3.118,376.471,29.814,354.182,44.771,488.235,1573.585,15.933,3156.197,22.095,1.294
Mysty,S17,15,4Veteran,0.467,0.8,1.067,2.133,269.533,14.611,369.003,59.827,528.867,1513.007,11.845,3386.565,20.136,0.933
Racer,S17,14,4Veteran,1.071,0.429,1.5,3.214,409.143,36.364,328.206,54.045,430.5,1472.031,8.905,3034.744,22.038,0.714
p1zzly,S17,4,4Veteran,1.25,0.75,1.5,3.5,439.5,35.714,391.209,49.402,665.5,1585.691,16.033,3268.824,24.966,0.75
Gizmo,S17,7,4Veteran,1.0,0.857,1.0,2.714,395.571,40.26,368.52,51.398,452.714,1521.554,15.268,2955.85,19.279,1.143
Humble Potato,S17,2,4Veteran,1.0,0.0,2.0,3.5,384.5,28.571,456.533,48.472,889.0,1706.83,19.01,2989.476,25.198,3.0
mojomo,S17,4,4Veteran,0.5,0.5,1.75,2.5,338.25,20.0,345.117,54.788,391.5,1438.581,10.883,3182.739,17.664,0.0
nxz,S17,7,4Veteran,0.857,0.714,0.857,2.714,332.0,33.333,376.798,48.985,453.429,1455.492,10.806,2963.355,21.015,0.857
zLoczz-,S17,2,4Veteran,0.0,0.0,1.0,0.0,173.5,0.0,289.838,44.313,344.5,1477.729,9.304,3072.784,23.092,0.5
Blue Eyes Thunder Thighs,S17,8,4Veteran,0.875,0.5,1.875,2.5,422.25,35.417,394.591,50.43,470.125,1550.335,13.407,2874.879,23.032,0.875
Diviniation,S17,8,4Veteran,0.625,1.0,1.5,3.375,401.0,20.882,334.425,44.573,434.75,1461.44,10.281,2860.821,20.074,1.25
Link,S17,4,4Veteran,0.75,0.5,0.75,2.0,272.5,37.5,392.282,49.321,562.5,1601.902,17.064,3108.826,25.012,1.5
PartyShark.,S17,4,4Veteran,0.5,0.0,1.25,2.5,280.5,20.0,346.571,56.986,516.5,1469.867,10.002,3040.054,19.735,1.0
Tbonelul,S17,4,4Veteran,0.25,0.5,1.0,1.0,207.25,25.0,402.154,52.924,420.0,1562.109,13.171,3114.162,21.371,0.25
lickadoss77,S17,4,4Veteran,0.0,0.25,1.5,3.0,287.75,0.0,334.992,54.575,548.5,1577.511,15.738,3248.84,19.632,0.75
Corrupt_Arrow,S17,10,4Veteran,0.6,0.5,0.6,2.5,269.7,21.333,376.568,49.532,598.0,1497.08,10.319,3157.942,22.742,0.9
Le Duckz,S17,6,4Veteran,0.333,0.5,1.167,2.0,292.833,23.333,394.7,45.506,571.167,1534.44,11.822,3109.128,22.674,0.833
rivdogg.,S17,7,4Veteran,0.429,0.286,1.286,1.429,274.714,30.612,332.853,51.105,250.143,1393.761,8.824,3214.881,13.482,0.286
Rua.,S17,7,4Veteran,0.429,0.571,1.143,2.286,302.857,21.088,337.041,48.27,367.286,1453.756,11.246,3208.657,19.112,1.429
SlmRnchr,S17,1,4Veteran,1.0,0.0,3.0,1.0,463.0,100.0,356.0,60.51,750.0,1502.0,12.945,2987.0,26.373,1.0
ACE,S17,6,4Veteran,1.0,0.333,1.833,3.5,380.833,28.571,343.47,56.304,467.667,1497.671,11.498,2928.208,19.195,0.667
AoS Arctic,S17,8,4Veteran,0.5,0.75,1.375,2.125,348.375,23.611,387.27,53.732,436.0,1484.015,10.709,3048.267,17.447,0.375
Fluffy,S17,4,4Veteran,0.75,0.5,1.25,2.0,339.5,37.5,414.907,52.484,527.0,1510.463,13.936,3115.141,20.428,0.5
Inedibledeer,S17,4,4Veteran,0.25,1.5,0.75,3.5,345.75,7.143,399.401,48.185,373.0,1539.442,13.867,3261.453,19.892,0.25
Reccoonn,S17,7,4Veteran,0.857,0.857,0.571,2.857,322.714,28.1,347.311,48.315,437.286,1488.953,11.079,3037.609,19.056,0.429
WestyzWorld,S17,3,4Veteran,0.333,0.0,1.0,2.0,254.0,16.667,314.068,52.071,440.333,1495.196,9.296,2982.781,17.158,0.667
chase bank,S17,4,4Veteran,1.5,0.5,2.0,2.75,484.25,54.545,364.616,53.567,656.75,1519.212,17.463,3051.335,24.86,0.75
Avid,S17,12,4Veteran,0.833,0.333,1.667,1.833,352.25,50.278,397.811,54.854,618.833,1597.347,14.027,3155.679,21.657,1.083
Timbo.,S17,8,4Veteran,0.125,0.25,1.125,1.625,220.25,6.25,414.996,51.288,482.125,1529.936,13.523,3199.353,20.686,1.375
Nighthawk,S17,8,4Veteran,0.75,0.375,1.625,2.75,354.75,25.833,323.331,53.145,383.125,1418.706,7.197,2901.219,18.858,0.25
Tuxedo Marx,S17,5,4Veteran,0.4,0.6,0.8,2.0,240.4,17.778,351.548,49.408,431.4,1485.86,8.221,3005.746,25.058,0.8
Ty (Arcus),S17,10,4Veteran,0.5,0.6,1.3,1.4,278.2,29.333,284.989,49.778,371.0,1422.708,7.013,2982.456,19.393,0.4
archhie.,S17,12,4Veteran,0.667,0.583,0.917,2.0,316.917,34.524,398.482,44.677,472.083,1540.462,14.987,2754.844,20.882,1.0
HeLzWright,S17,8,4Veteran,0.625,0.5,0.875,1.5,319.5,41.429,387.34,50.718,614.375,1572.234,15.639,3112.819,23.054,1.25
Spider,S17,6,4Veteran,1.0,0.5,2.167,2.167,388.0,54.167,305.993,53.459,467.833,1457.34,10.341,2838.274,21.34,1.333
mickfizle,S17,2,4Veteran,0.5,0.0,0.0,3.0,231.0,16.667,394.239,47.877,687.0,1514.306,14.89,3181.335,21.181,1.5
Doty,S17,12,4Veteran,0.833,0.583,0.75,3.083,320.667,27.879,408.698,48.643,571.917,1613.047,17.823,3057.573,25.222,0.5
HannandGrenade,S17,9,4Veteran,0.667,0.333,1.222,2.667,323.889,30.952,390.622,50.345,449.667,1525.871,12.642,3063.442,18.673,1.222
IAmReaperr_-,S17,12,4Veteran,1.25,1.083,1.333,3.333,450.333,37.546,437.958,53.937,786.333,1644.895,19.384,3333.494,27.714,0.333
RogueUM,S17,9,4Veteran,0.556,0.556,1.222,2.0,288.778,22.222,413.703,41.542,454.0,1549.309,13.833,3162.561,18.499,0.444
Sly,S17,3,4Veteran,0.667,0.333,1.0,2.0,281.0,33.333,310.854,53.89,413.667,1409.884,8.643,2949.389,18.862,1.0
Syncopace,S17,15,4Veteran,0.4,0.4,1.8,1.933,350.4,17.98,342.968,46.777,478.4,1438.939,8.059,3016.478,19.618,0.667
Yeetn-Skeet,S17,12,4Veteran,1.333,0.667,1.167,3.75,421.417,36.642,416.672,43.601,526.417,1550.946,13.494,2964.537,24.038,2.25
S_ckz,S17,6,4Veteran,0.667,0.667,0.5,2.333,298.833,27.407,391.68,49.405,434.833,1477.029,11.713,3118.298,22.393,0.833
The_Magic,S17,4,4Veteran,0.5,1.0,0.75,2.0,260.25,25.0,360.312,46.758,451.5,1461.904,9.507,3078.876,18.331,0.75
Danub,S17,7,4Veteran,0.143,0.714,1.429,1.857,273.714,7.143,385.316,48.365,454.143,1509.914,13.107,3074.223,19.378,0.857
MW_firegodk,S17,5,4Veteran,0.6,0.4,2.0,2.0,355.8,34.286,382.736,46.69,452.8,1552.977,15.631,2730.237,18.621,0.4
SuperCruz101,S17,8,4Veteran,1.0,0.125,0.625,2.25,309.375,44.156,280.72,47.533,298.75,1419.299,7.819,3224.132,17.978,0.5
leaf.,S17,4,4Veteran,0.5,0.5,0.0,1.5,208.5,33.333,345.745,51.582,428.0,1465.425,7.509,2877.443,23.559,0.25
Tydzl,S17,2,4Veteran,1.0,0.0,2.0,3.0,374.5,33.333,388.566,46.974,688.5,1502.031,11.632,2817.039,23.103,1.0
Flyxr.,S17,4,4Veteran,0.5,1.0,0.75,1.75,302.75,28.571,424.443,48.784,506.75,1553.731,17.52,3152.24,15.514,0.75
JustLaben,S17,1,4Veteran,0.0,0.0,3.0,1.0,308.0,0.0,300.0,45.5,96.0,1458.0,9.223,3749.0,11.855,1.0
Nitro,S17,11,4Veteran,0.909,0.727,1.0,2.818,339.182,31.429,392.656,51.479,464.909,1516.68,10.934,3101.986,16.567,0.545
Vp Reported,S17,12,4Veteran,0.667,0.167,0.583,2.917,280.5,20.644,367.716,51.413,507.75,1495.396,12.441,2735.471,19.575,1.417
WittingHalo64,S17,11,4Veteran,1.091,0.0,1.455,2.818,369.455,39.51,466.263,51.56,613.273,1638.179,18.086,3194.625,21.968,1.091
cel,S17,11,4Veteran,0.545,0.818,1.182,2.455,323.273,20.649,361.093,51.952,541.455,1471.638,10.299,3053.072,24.697,0.909
bodian,S17,2,4Veteran,0.0,0.0,2.0,2.5,259.5,0.0,468.729,52.657,695.0,1564.266,16.147,3199.773,15.228,1.0
dray,S17,7,4Veteran,1.571,0.429,0.857,4.286,446.571,35.077,417.424,47.435,612.571,1533.286,14.929,2814.944,23.998,1.143
Jay_Kay99,S17,12,4Veteran,0.667,0.667,0.833,2.833,291.667,22.681,376.013,48.688,525.917,1520.257,12.354,3125.244,23.742,1.0
ryanawesome_,S17,8,4Veteran,1.125,0.875,1.375,3.125,410.0,36.397,349.547,46.933,585.125,1496.62,11.263,3212.98,21.46,1.25
SlyCooperD3mis3,S17,4,4Veteran,0.25,0.5,0.5,2.0,214.5,12.5,430.557,45.422,365.0,1560.016,13.628,3145.966,19.39,1.5
Foretrix,S17,12,4Veteran,1.417,0.75,1.417,3.75,468.25,36.667,361.093,44.106,566.917,1534.58,11.171,2969.228,23.247,1.0
Irishhhh,S17,5,4Veteran,1.0,1.6,2.2,3.4,471.2,36.364,366.695,51.025,376.4,1502.655,11.784,3096.87,20.899,1.0
JoeZ,S17,7,4Veteran,0.714,0.571,0.714,2.143,285.714,33.333,339.4,43.56,551.857,1528.165,12.357,3244.95,22.658,0.857
SirTommyNoble,S17,12,4Veteran,1.083,0.583,1.667,2.833,425.917,41.795,392.476,51.749,486.167,1482.873,11.096,3226.332,18.99,0.917
Misfitsmedia_,S17,12,4Veteran,0.5,0.25,1.75,2.25,334.667,21.581,327.596,49.811,335.667,1488.765,9.402,3065.587,18.09,0.583
Goose,S17,4,4Veteran,1.0,0.25,1.0,3.25,336.25,30.769,373.895,51.175,501.5,1528.1,12.774,3245.521,22.11,1.75
pass.man,S17,4,4Veteran,0.75,0.5,1.25,1.75,331.0,42.857,398.894,41.611,326.25,1588.042,14.01,3220.001,16.616,1.25
yRoxyy,S17,8,4Veteran,1.125,0.5,1.625,3.25,428.0,35.714,416.647,52.252,543.75,1585.06,18.394,3099.547,20.811,0.5
Scorch,S17,3,4Veteran,2.333,0.667,1.667,4.667,593.0,50.0,394.07,51.367,536.333,1573.466,14.609,2947.035,23.839,1.333
Beastmod1015,S17,18,3Elite,1.278,0.389,1.111,3.278,396.222,39.877,326.981,51.225,535.0,1505.33,13.303,2984.95,23.417,0.611
FrostyBrew,S17,3,3Elite,0.667,0.333,1.333,2.0,338.0,33.333,418.829,52.701,612.333,1585.7,15.962,3351.555,15.793,1.0
Murloc,S17,5,3Elite,0.2,0.6,1.6,1.8,286.6,10.0,333.451,56.844,450.0,1483.08,9.435,3082.811,22.233,0.6
Panick,S17,13,3Elite,0.615,0.538,2.077,2.692,378.462,22.16,369.243,51.648,514.154,1601.103,17.341,3160.37,23.24,2.0
Surge,S17,14,3Elite,0.643,0.714,0.929,2.643,324.857,25.739,337.707,53.12,556.5,1444.864,9.557,3017.19,20.195,0.571
TheRogersEffect,S17,6,3Elite,0.333,0.833,1.667,1.833,317.833,18.333,307.756,45.092,423.167,1419.724,8.507,2886.213,23.651,0.167
rex,S17,4,3Elite,1.0,0.25,2.5,3.25,441.25,30.769,407.399,46.165,562.75,1517.433,13.051,3092.127,19.302,0.5
Croutqn,S17,12,3Elite,0.417,0.333,1.083,1.917,280.167,15.455,370.513,52.442,459.583,1573.902,15.806,2925.153,21.032,0.5
Dom,S17,4,3Elite,0.5,0.25,1.25,2.75,281.5,18.182,361.934,48.526,359.25,1544.344,12.334,3404.615,18.452,1.25
Flexy,S17,12,3Elite,0.583,0.5,0.917,2.5,306.833,23.81,442.445,44.672,668.417,1583.952,16.763,3111.443,22.005,1.75
Lad,S17,8,3Elite,0.625,0.5,1.75,2.0,360.625,29.365,342.764,49.354,445.625,1530.968,12.738,3176.128,21.03,1.25
Nue.,S17,8,3Elite,0.75,0.25,1.5,2.75,347.25,29.915,381.21,52.416,543.5,1643.188,18.922,3094.549,23.65,0.5
Queenasaurus,S17,4,3Elite,0.25,0.5,0.25,2.25,253.75,11.111,410.413,46.258,467.5,1577.847,16.977,2762.818,20.139,1.0
ADeadM0053,S17,4,3Elite,0.0,1.0,2.0,1.25,317.25,0.0,304.667,45.341,367.0,1433.861,8.352,2900.061,17.855,0.25
IMOLDGREG67,S17,5,3Elite,1.2,1.0,1.6,4.2,435.8,33.269,394.775,44.767,587.4,1493.599,12.423,2868.752,24.145,0.6
King_Cundy,S17,7,3Elite,0.714,0.571,1.143,1.714,303.286,46.531,372.292,51.424,437.571,1536.395,12.416,3244.978,20.92,0.857
LikeWisse,S17,10,3Elite,0.7,0.8,1.6,2.7,384.2,23.333,443.466,51.242,552.1,1611.247,17.551,3000.689,23.546,1.1
Nebulade,S17,17,3Elite,0.882,0.824,1.412,2.059,387.176,39.804,376.65,50.731,728.882,1525.684,11.889,2776.255,23.073,1.059
Skulzy9,S17,8,3Elite,1.25,0.625,1.375,3.25,423.75,38.75,418.097,49.515,549.5,1586.996,20.589,2837.209,22.99,0.75
zck,S17,8,3Elite,1.0,0.25,1.375,2.75,345.125,36.667,385.108,54.137,456.75,1517.637,13.844,2945.234,21.45,0.625
Ay G.,S17,12,3Elite,1.083,0.75,1.5,3.417,414.333,29.158,419.898,54.593,546.917,1537.88,13.327,2946.069,20.112,1.167
Canine,S17,5,3Elite,0.2,0.6,2.0,1.4,338.0,16.0,353.948,52.634,557.2,1522.706,13.096,2987.638,23.484,1.4
DJ_RL,S17,13,3Elite,0.462,0.615,1.923,2.385,337.692,14.386,388.488,50.384,405.538,1564.781,13.316,3246.997,17.474,1.231
Donald,S17,8,3Elite,0.25,0.625,0.875,2.125,260.0,12.5,456.487,48.287,632.25,1615.808,19.418,3187.131,22.599,0.75
SSpekky,S17,8,3Elite,1.0,0.75,2.125,2.625,454.25,35.577,333.031,51.338,391.625,1502.193,7.852,2849.615,21.496,1.125
josan,S17,6,3Elite,0.667,0.167,0.833,2.833,295.667,20.513,336.806,49.433,528.167,1528.678,11.084,3122.385,20.297,1.167
"peeg :>, lol.",S17,12,3Elite,0.75,0.917,1.167,3.417,351.167,21.549,399.53,46.792,465.5,1578.895,14.562,3108.99,18.962,0.667
Forza!,S17,12,3Elite,0.833,0.5,2.417,2.417,449.75,36.869,388.336,49.794,504.5,1504.064,14.006,2696.166,20.426,0.917
Murph,S17,2,3Elite,0.0,1.0,1.0,1.5,249.0,0.0,461.0,48.874,637.0,1618.307,21.355,2957.816,18.244,2.5
Nova_,S17,8,3Elite,0.375,0.125,1.875,1.625,305.75,26.25,345.298,48.128,440.5,1443.49,11.617,3063.621,17.042,0.5
janixity.,S17,2,3Elite,0.0,0.0,1.0,2.0,179.5,0.0,448.292,43.725,477.0,1548.354,13.867,3038.354,19.611,0.5
Judgemental,S17,4,3Elite,1.0,0.75,1.0,2.0,325.75,50.0,349.032,45.179,434.75,1535.667,11.763,3083.403,22.239,1.0
Vengeance,S17,8,3Elite,0.875,0.5,1.125,3.125,362.375,27.564,342.378,52.443,500.75,1504.428,10.666,2929.17,19.158,1.25
War Xeon,S17,8,3Elite,0.875,0.625,1.5,3.375,385.75,25.549,423.131,53.065,563.5,1490.418,12.023,2923.002,20.969,0.375
Capn' Clutch,S17,4,3Elite,1.5,0.5,1.25,2.5,446.75,60.0,366.681,46.013,653.75,1515.076,13.077,2805.365,21.365,1.25
Dav,S17,16,3Elite,0.938,0.562,2.062,2.938,444.625,30.24,387.185,50.742,678.0,1557.15,13.776,2934.787,23.933,1.125
Limon,S17,8,3Elite,0.75,0.125,1.125,3.0,333.25,24.286,327.257,53.768,462.25,1514.404,8.798,3013.718,20.551,0.625
TheAngryTryhard,S17,19,3Elite,0.474,0.526,1.263,3.211,309.158,14.732,371.502,48.734,489.158,1524.958,11.844,2927.441,21.067,0.895
Tinsel,S17,13,3Elite,0.846,0.923,1.615,3.154,412.385,26.3,367.73,50.476,517.692,1591.927,14.261,3296.526,21.017,0.538
TyTy,S17,4,3Elite,0.75,0.5,1.0,3.25,349.25,23.077,370.908,52.95,604.0,1486.074,10.274,3259.578,21.716,0.5
nickm,S17,4,3Elite,0.75,0.75,2.0,2.75,387.25,27.273,401.432,43.011,606.5,1524.11,11.81,2919.633,22.47,0.5
Mytixs,S17,4,3Elite,1.0,0.25,2.0,2.75,400.75,36.364,332.486,55.546,504.0,1443.765,8.586,2930.765,18.967,0.0
Ray,S17,13,3Elite,0.846,0.385,1.462,2.385,363.077,31.786,426.09,47.044,589.538,1563.308,15.89,2929.741,19.713,0.923
Ritter,S17,7,3Elite,0.714,0.286,1.143,3.143,306.143,22.959,320.557,58.316,548.571,1490.369,10.043,3140.024,23.315,0.857
Yoza,S17,8,3Elite,0.875,0.75,1.75,2.25,391.875,41.667,431.101,43.707,602.125,1512.53,15.497,3032.568,20.839,0.75
Zuleta,S17,9,3Elite,0.333,0.556,1.444,1.889,314.111,20.185,386.808,49.984,852.222,1536.083,15.076,2899.503,26.805,2.556
blaster50,S17,7,3Elite,0.714,0.429,0.857,2.571,310.857,33.673,305.142,55.407,348.429,1449.51,7.999,2945.778,21.244,1.0
iluvnewjeans.,S17,8,3Elite,0.375,0.75,1.875,2.5,381.25,15.0,419.207,55.459,713.5,1594.767,18.871,2804.146,20.781,0.875
Crypt_RL,S17,4,3Elite,0.5,0.75,2.5,2.5,434.0,20.0,321.521,55.883,473.5,1487.261,11.55,3081.126,23.139,0.25
DoorTK,S17,8,3Elite,0.75,1.0,2.0,3.375,438.125,17.647,356.951,47.639,521.875,1473.447,10.806,2761.884,21.047,1.875
Jwanderz,S17,4,3Elite,0.5,0.25,0.75,3.75,289.25,13.333,330.709,50.246,488.0,1422.675,8.12,2994.989,20.582,0.5
MrFelon,S17,4,3Elite,0.5,0.25,3.0,3.25,436.25,15.385,312.953,51.794,661.75,1497.174,8.599,3132.26,24.582,0.75
Superstar,S17,4,3Elite,1.25,0.0,2.75,3.25,535.0,38.462,334.098,50.459,521.0,1421.544,8.958,3021.743,19.01,1.5
queeds,S17,8,3Elite,0.75,0.375,1.5,3.375,341.875,22.802,439.993,49.474,756.75,1627.515,16.778,2937.551,23.58,2.0
GoodDay,S17,15,3Elite,0.467,0.333,1.067,2.067,279.0,25.185,410.765,46.192,541.267,1546.183,13.471,3072.553,20.272,1.0
skizzbo,S17,3,3Elite,0.333,1.0,1.333,2.333,276.333,14.286,331.856,46.936,485.667,1389.072,6.347,2848.558,23.976,0.333
(P|F)ineapple,S17,8,3Elite,0.0,0.25,0.75,0.75,204.25,0.0,389.631,47.842,557.125,1461.631,12.316,2729.074,21.761,0.5
BladedRaptor,S17,4,3Elite,0.5,0.75,1.0,2.25,305.0,22.222,310.631,48.473,427.25,1448.163,9.779,3183.98,20.459,1.0
Canadian,S17,8,3Elite,1.625,0.375,1.25,3.0,421.875,55.0,328.13,52.596,433.5,1430.782,6.836,3002.265,19.269,0.5
RollsRoyceOwner,S17,12,3Elite,0.917,1.083,1.333,2.417,414.167,38.571,443.692,47.755,690.167,1530.483,14.042,2849.697,21.668,1.25
Dvo-.-,S17,6,3Elite,1.667,0.833,1.333,2.667,440.333,63.333,313.208,47.402,336.0,1444.304,11.433,3267.564,17.002,0.167
Naro,S17,8,3Elite,0.875,0.375,1.375,2.375,374.875,40.385,405.123,47.391,530.75,1551.552,15.282,2994.978,22.005,2.75
derrrrrrrrp,S17,4,3Elite,0.0,1.25,1.5,2.0,268.25,0.0,402.812,42.286,716.5,1555.491,15.554,3096.887,22.316,2.0
flamethrowr,S17,8,3Elite,0.75,0.5,1.0,2.0,296.0,39.683,377.018,47.245,335.625,1533.126,10.08,3394.999,17.285,0.375
Anthage,S17,7,3Elite,1.571,0.429,1.429,3.714,452.429,42.347,378.697,50.906,632.0,1573.995,13.874,3165.761,23.486,1.571
Darii,S17,7,3Elite,0.571,0.857,0.571,2.143,294.286,28.571,412.037,45.969,435.429,1528.267,12.303,2818.304,20.256,0.429
Kagura Shinji,S17,4,3Elite,1.25,1.0,0.75,2.25,356.25,55.556,371.53,48.682,397.5,1422.209,10.818,2831.22,16.742,1.0
Bas Radala,S17,2,3Elite,1.0,0.0,1.0,5.0,312.0,20.0,380.76,50.357,485.5,1634.255,14.608,3249.7,17.834,0.5
Crazy Vulpix,S17,3,3Elite,0.333,0.667,2.333,3.667,406.333,5.556,381.287,49.076,694.333,1510.836,12.006,2860.538,19.804,1.667
Krueger0216,S17,16,3Elite,0.75,0.75,1.938,2.812,434.438,26.667,428.504,49.926,710.25,1590.104,17.991,3076.54,19.806,1.562
Mezmer,S17,8,3Elite,0.375,0.25,1.75,2.0,335.25,15.0,343.899,48.568,386.5,1489.667,8.339,3061.977,20.259,0.875
PayloSoul,S17,16,3Elite,1.188,0.562,1.25,4.062,429.188,27.516,383.423,46.415,596.938,1509.823,13.721,2760.877,23.73,0.688
Bender_Escobar,S17,8,3Elite,1.125,1.125,0.625,2.75,373.25,40.909,325.772,55.61,525.125,1484.863,9.662,3302.818,23.954,0.375
Foo,S17,8,3Elite,1.0,0.875,2.0,4.375,454.25,23.333,423.471,48.824,632.625,1545.985,14.425,2938.769,22.319,1.875
Rhino,S17,7,3Elite,1.0,0.429,0.571,2.286,304.429,43.537,347.464,50.866,562.857,1493.572,10.944,2909.573,23.705,0.143
galacticcccc,S17,4,3Elite,1.0,0.5,0.5,2.5,281.0,40.0,440.946,50.739,628.25,1537.068,12.19,3214.825,22.542,1.0
AlphaChuck,S17,4,3Elite,1.0,1.5,0.75,2.25,393.75,44.444,360.231,51.695,383.75,1387.761,9.668,2750.922,14.025,0.75
Joe,S17,4,3Elite,2.25,1.0,1.5,4.5,569.75,50.0,398.291,48.696,334.5,1529.764,12.648,2851.413,19.591,1.25
Pops Ryan,S17,4,3Elite,1.0,0.25,0.75,2.25,307.75,44.444,335.118,55.324,472.25,1443.082,10.767,2543.405,20.097,0.75
AlexK,S17,4,3Elite,1.5,1.0,1.5,2.25,489.5,66.667,380.855,46.607,411.5,1512.2,11.482,2971.167,19.191,0.5
GAVALANCHE,S17,4,3Elite,0.25,1.0,1.0,3.25,292.5,7.692,384.29,48.889,442.75,1489.656,12.92,2734.306,21.711,1.75
go fig,S17,4,3Elite,1.0,1.25,1.0,2.75,358.0,36.364,362.396,39.284,445.5,1530.602,13.764,3094.678,22.245,1.0
Cameron,S17,4,3Elite,0.0,0.0,1.0,2.5,192.5,0.0,345.807,56.621,357.5,1508.194,11.658,3131.017,19.743,1.0
Justin,S17,4,3Elite,0.5,0.25,1.0,2.5,266.25,20.0,364.586,52.793,497.5,1601.043,17.859,2880.913,22.345,1.25
Viglio,S17,4,3Elite,0.75,1.25,1.0,3.0,372.0,25.0,373.08,47.406,613.0,1540.864,12.516,3060.023,25.497,1.25
donald.,S17,8,3Elite,1.125,0.25,2.0,1.875,401.25,60.714,450.524,47.184,635.375,1606.414,19.675,3078.923,21.512,0.125
Stemantics,S17,8,3Elite,0.0,0.375,1.5,2.375,267.0,0.0,354.873,48.525,584.5,1521.036,12.032,3147.793,21.947,1.0
Wray,S17,4,3Elite,0.75,0.5,1.5,3.0,341.5,25.0,337.406,61.167,581.75,1531.226,10.967,3269.169,19.995,1.25
AEB311,S17,4,3Elite,0.5,0.0,1.25,1.5,304.75,33.333,365.756,46.642,511.25,1521.973,10.556,3243.721,14.955,0.5
Caleb,S17,4,3Elite,0.5,1.0,1.75,3.0,367.25,16.667,397.981,48.532,909.0,1570.034,11.994,2975.142,27.313,1.75
Dfat22,S17,12,3Elite,1.5,0.5,1.25,3.417,437.833,44.987,326.588,50.416,383.083,1503.715,10.926,3161.422,20.661,0.5
Kourses,S17,12,3Elite,0.833,0.417,1.5,2.583,359.5,37.778,399.442,54.33,417.167,1528.853,12.845,3245.405,18.963,0.917
MikeIsMyIke,S17,8,3Elite,0.375,0.0,0.75,2.125,246.75,19.286,392.129,45.762,536.125,1487.317,12.121,2903.593,16.542,1.0
Soup,S17,8,3Elite,0.25,0.25,2.625,2.5,372.0,11.111,402.999,49.981,624.375,1516.936,14.768,2801.895,20.748,1.375
Blender,S17,4,3Elite,0.75,0.5,2.0,3.25,376.75,23.077,388.867,46.704,429.25,1579.915,15.821,3205.577,20.689,1.0
Drummerboy2022,S17,4,3Elite,1.0,0.25,0.75,3.5,316.75,28.571,368.907,44.49,660.0,1439.082,9.187,2981.055,22.221,1.0
duffydoug,S17,4,3Elite,0.5,0.25,1.0,2.5,278.25,20.0,448.503,51.397,619.75,1593.085,14.155,2829.514,25.437,0.5
Cerealkiller,S17,3,3Elite,0.333,0.0,0.333,1.667,165.333,20.0,355.211,41.419,533.667,1521.426,11.522,2933.012,21.08,3.333
Deezmuffinz,S17,2,3Elite,0.5,0.0,1.0,1.5,267.5,33.333,357.641,47.408,393.0,1535.431,14.457,2765.808,21.651,1.5
OGkrish,S17,8,3Elite,1.125,1.125,1.375,2.25,413.625,53.896,380.556,44.25,505.5,1420.46,12.706,3010.075,21.156,1.0
Savant,S17,3,3Elite,0.0,0.333,0.667,1.667,192.0,0.0,402.002,50.246,486.0,1503.959,11.626,3016.049,20.694,0.333
super,S17,4,3Elite,0.5,0.25,0.75,2.75,323.75,18.182,394.995,51.693,410.25,1468.194,13.554,2588.309,18.942,0.25
Colinn,S17,4,3Elite,1.5,0.5,0.75,4.75,371.75,31.579,402.494,56.844,519.75,1549.842,15.921,3146.599,18.298,0.5
kareemostyle,S17,4,3Elite,1.0,0.25,2.0,2.5,419.25,40.0,371.976,49.307,526.5,1525.679,12.687,3001.815,17.111,1.0
PeakingPineapple,S17,8,3Elite,1.125,0.5,1.375,3.625,406.25,30.714,367.852,45.222,473.0,1515.541,12.437,2802.098,24.298,0.5
Steeltoehammer,S17,6,3Elite,0.167,0.833,1.5,1.667,315.5,6.667,287.219,49.53,605.0,1476.75,8.176,2905.133,21.794,0.667
Supe,S17,6,3Elite,0.5,0.333,2.0,2.167,336.167,20.0,360.805,50.241,483.0,1516.878,13.894,3078.942,17.528,0.5
Dr. Cereal,S17,1,3Elite,0.0,1.0,2.0,3.0,260.0,0.0,370.0,46.46,524.0,1458.0,12.467,2962.0,16.892,0.0
Kenny,S17,4,3Elite,0.5,0.5,2.75,3.0,441.5,16.667,357.988,46.977,343.75,1521.374,11.828,2772.499,17.638,0.5
snugs,S17,3,3Elite,0.0,1.0,1.333,2.333,310.667,0.0,410.091,46.372,625.0,1490.185,12.639,2869.095,16.866,1.333
Sea Punk,S17,9,3Elite,0.778,0.778,1.333,2.0,326.0,40.123,368.116,42.047,375.111,1480.741,10.196,3041.427,17.727,1.556
Sir Mcdouble,S17,4,3Elite,2.75,0.75,0.25,4.75,521.75,57.895,364.161,51.365,518.0,1556.375,12.11,3090.658,23.27,1.0
gman,S17,7,3Elite,1.0,0.571,1.571,2.429,398.143,40.476,397.683,48.294,673.571,1513.188,12.664,2969.76,21.321,0.714
AcP.,S17,4,3Elite,0.5,0.75,1.0,2.75,303.25,18.182,367.062,46.559,375.0,1562.032,15.162,3115.653,18.09,1.75
Argnor,S17,4,3Elite,0.5,0.75,1.25,2.25,327.75,22.222,472.16,49.205,481.25,1599.717,17.139,2971.833,19.182,1.0
Envy,S17,4,3Elite,0.5,0.0,2.0,2.25,302.5,22.222,435.619,43.539,626.5,1526.266,10.938,2657.258,24.218,1.75
Leavanny,S17,4,3Elite,1.25,0.25,2.0,3.25,421.5,38.462,379.874,48.538,449.0,1549.535,15.327,2864.508,19.958,1.0
Slate,S17,4,3Elite,0.75,0.0,1.0,1.75,305.75,42.857,423.587,46.61,549.0,1613.436,13.637,3070.086,25.673,1.5
KING.,S17,1,3Elite,0.0,1.0,1.0,2.0,435.0,0.0,472.0,44.81,1414.0,1605.0,12.705,2704.0,26.194,3.0
Yullbrenna,S17,4,3Elite,0.5,0.5,2.0,1.75,355.75,28.571,339.305,51.191,373.0,1501.684,9.643,3113.376,15.396,0.5
VexingVertigo,S17,8,3Elite,1.75,0.625,1.375,3.75,496.25,45.701,396.314,43.658,414.875,1571.681,14.781,2556.727,19.527,0.875
Vybe,S17,7,3Elite,0.857,0.286,1.429,1.857,332.857,46.825,415.069,54.755,427.143,1570.064,15.591,2901.079,18.068,0.714
Davinho,S17,4,3Elite,1.5,0.5,1.25,4.75,407.5,31.579,430.104,53.126,590.25,1607.486,16.528,3019.075,28.937,1.5
Stonewall,S17,1,3Elite,0.0,2.0,3.0,0.0,470.0,0.0,343.0,44.37,166.0,1358.0,5.609,3101.0,16.906,0.0
wex,S17,3,3Elite,1.667,0.333,1.333,2.667,456.333,62.5,392.153,44.067,457.333,1500.569,11.208,2898.881,23.876,0.333
ChrisakaMrXD,S17,3,3Elite,0.667,1.0,1.0,3.333,359.0,20.0,318.924,53.077,458.333,1432.19,8.162,3161.247,22.384,0.667
Daylon,S17,4,3Elite,0.5,0.25,1.5,2.0,314.0,25.0,396.595,49.329,414.75,1580.038,14.102,3073.987,19.316,2.25
KaguraShinkiller,S17,3,3Elite,1.667,0.333,1.0,4.0,433.333,41.667,367.592,49.425,484.0,1473.498,13.129,3076.905,21.958,0.333
Shim_Sham,S17,4,3Elite,0.25,0.0,2.25,1.0,331.0,25.0,376.298,53.553,558.25,1429.451,11.361,3041.558,16.033,0.25
RaunchyRomanian,S17,5,2Master,1.0,0.4,1.0,3.0,356.2,33.333,359.649,47.265,367.4,1432.272,9.24,2993.018,20.416,0.4
Saucey,S17,8,2Master,0.625,0.625,1.0,2.875,340.125,21.825,422.447,54.131,735.875,1594.657,17.126,2821.631,23.644,1.5
SgtPickle,S17,23,2Master,0.783,0.652,2.043,2.522,397.391,31.615,430.231,48.938,586.87,1569.257,15.522,3246.969,19.481,1.043
Unexpected,S17,19,2Master,0.737,0.789,2.053,3.105,425.053,22.446,405.468,48.732,440.474,1569.813,16.051,3099.072,17.644,0.895
bosco,S17,4,2Master,1.25,0.25,2.5,4.0,542.5,31.25,377.014,49.958,752.75,1490.874,10.437,2870.842,24.171,1.25
mdboys09,S17,3,2Master,0.667,0.333,0.667,2.667,299.667,25.0,377.117,55.59,729.333,1542.652,14.469,2911.474,23.15,2.0
mew_jr,S17,16,2Master,0.875,0.188,1.25,2.188,325.562,39.141,397.662,52.186,532.688,1504.921,12.487,3082.209,18.489,1.125
Danwad,S17,8,2Master,1.25,0.5,1.375,3.625,401.125,35.577,459.302,48.385,623.375,1654.856,17.924,3041.628,24.919,1.25
Hec,S17,4,2Master,0.0,0.75,2.75,2.0,383.25,0.0,332.93,46.263,200.25,1442.891,11.78,3032.241,12.172,0.0
Myth1ck,S17,12,2Master,0.333,0.25,0.917,1.667,238.417,22.262,349.669,48.69,398.417,1548.329,14.45,2957.952,18.746,1.333
Treezy,S17,8,2Master,1.25,0.75,1.125,2.875,374.25,43.561,435.395,48.895,584.5,1569.008,14.133,3043.432,23.748,0.25
Vyvants,S17,12,2Master,0.667,0.083,1.0,2.583,320.75,27.91,395.394,47.711,469.25,1535.116,14.963,3033.126,20.788,0.583
christophr,S17,4,2Master,1.0,1.0,0.75,3.25,347.75,30.769,423.055,48.288,790.5,1519.95,13.377,2814.32,29.447,0.5
Beans,S17,4,2Master,0.5,0.5,0.5,2.0,225.25,25.0,397.868,51.56,468.0,1507.789,12.3,3330.302,14.698,0.5
Cash,S17,12,2Master,0.417,0.833,0.667,2.583,280.333,18.803,444.317,44.54,811.5,1590.121,13.593,2693.712,27.3,1.667
GeneralZippy,S17,8,2Master,0.625,0.625,1.25,2.625,317.5,23.611,316.464,51.663,300.75,1423.851,9.241,2748.466,19.696,0.625
Loyboy2,S17,12,2Master,1.0,0.417,1.083,3.167,368.167,29.959,424.529,53.099,616.417,1559.253,16.374,2428.47,24.521,0.833
Plasma,S17,10,2Master,0.7,0.5,1.7,1.8,335.6,33.143,358.471,46.344,473.1,1553.887,12.613,2560.325,19.207,0.4
honk=bonk,S17,8,2Master,0.875,0.375,1.25,2.375,352.625,36.667,428.978,46.915,553.375,1559.915,17.894,2746.004,22.515,1.625
Cid Meka,S17,8,2Master,0.75,0.375,2.375,2.375,384.25,35.795,428.759,46.812,401.25,1593.146,20.236,2835.923,19.596,1.75
Dolphino,S17,8,2Master,0.5,0.625,2.0,2.875,374.375,17.045,370.872,50.624,361.625,1556.208,15.784,3067.846,18.034,1.0
Kri0s,S17,8,2Master,0.5,0.125,1.125,2.25,320.75,22.222,351.663,48.79,492.0,1506.966,14.87,2800.92,20.046,1.375
Boog McCroog,S17,5,2Master,1.0,0.4,0.8,3.0,315.2,33.333,339.096,46.924,426.0,1453.675,10.16,3009.036,17.557,0.2
Infinite,S17,8,2Master,1.125,0.375,2.875,3.625,532.375,30.288,402.826,49.645,570.375,1560.803,15.27,3110.803,19.101,1.25
Rydexian,S17,8,2Master,0.625,1.25,1.5,3.0,377.375,20.629,335.83,51.863,611.375,1542.607,15.701,3169.567,23.704,1.625
Slvr.,S17,3,2Master,2.0,1.667,1.667,3.333,584.333,58.73,375.331,47.039,678.333,1511.043,14.05,3101.782,23.533,1.333
Buck,S17,1,2Master,0.0,0.0,1.0,3.0,226.0,0.0,331.0,52.32,843.0,1482.0,13.563,3158.0,21.859,0.0
Draxz.,S17,3,2Master,0.0,0.0,2.333,1.0,254.0,0.0,298.904,46.852,222.667,1436.968,9.201,3072.527,15.528,1.0
Wavepace,S17,8,2Master,0.5,0.75,1.125,2.75,297.75,22.321,348.409,44.741,431.875,1434.138,8.342,2913.522,20.282,0.625
ghosty,S17,12,2Master,1.083,0.833,1.833,3.0,451.583,35.794,402.378,50.503,456.75,1597.651,18.238,2808.881,22.157,1.667
haerin,S17,12,2Master,0.917,0.75,1.5,2.25,391.333,47.222,394.228,50.164,520.5,1493.543,16.772,2897.026,20.149,1.583
hawk rl,S17,4,2Master,0.75,0.75,1.75,3.5,378.5,21.429,366.965,50.074,375.5,1493.371,12.247,2786.144,19.721,0.25
robtull1,S17,4,2Master,0.75,0.5,0.75,1.75,294.25,42.857,347.303,46.937,468.5,1459.336,9.773,2912.357,22.293,0.5
Calc,S17,7,2Master,1.143,0.857,0.571,2.857,375.0,46.429,423.962,45.875,699.857,1588.044,14.714,2700.964,24.463,1.286
Phelpsy,S17,11,2Master,0.909,0.273,0.909,2.727,306.545,32.468,405.707,46.14,418.818,1531.643,13.311,2800.814,19.108,1.182
Swax,S17,2,2Master,1.0,0.0,0.0,3.0,257.0,33.333,343.964,47.653,518.0,1508.096,10.756,2786.935,19.001,0.5
Xero,S17,10,2Master,0.7,0.8,1.7,2.2,377.2,32.429,368.134,51.817,530.9,1421.292,10.044,3071.77,18.404,0.6
bucklemyshoe,S17,8,2Master,1.25,1.0,1.625,2.75,451.0,51.023,373.219,49.204,429.0,1482.533,13.917,2930.253,18.554,0.5
Aub,S17,8,2Master,1.0,0.5,1.75,2.375,404.0,42.222,357.761,50.523,407.875,1464.663,9.35,2776.023,18.995,0.5
JACKS0NTHEBOSS,S17,8,2Master,0.5,0.25,1.5,2.375,325.625,14.286,370.899,52.212,522.75,1565.429,14.908,2813.463,24.126,0.625
Nehtaro,S17,8,2Master,0.25,0.5,0.875,2.0,250.5,10.0,401.068,47.293,430.375,1519.067,15.265,2710.724,17.209,0.875
bex!,S17,8,2Master,0.625,0.5,0.375,2.75,277.25,25.893,431.706,50.371,582.125,1599.781,17.302,2748.11,26.321,1.25
galico,S17,8,2Master,0.875,0.375,2.0,2.625,429.625,34.135,354.191,48.874,383.5,1427.929,10.357,2851.097,15.831,1.125
p0larbear,S17,4,2Master,0.75,0.25,1.0,2.5,270.5,30.0,388.662,50.784,635.75,1556.143,13.723,2894.312,25.492,1.5
Frenchy,S17,6,2Master,0.5,0.167,0.333,1.667,201.0,30.159,414.504,41.581,577.5,1490.774,13.261,2842.78,20.479,0.5
IWonAGoldTourney,S17,4,2Master,0.5,1.0,1.5,3.75,325.5,13.333,388.591,53.14,700.75,1603.696,18.646,2975.176,27.078,1.75
Khamul,S17,4,2Master,0.75,0.5,0.75,2.25,321.75,33.333,349.787,45.816,478.5,1481.461,11.39,2813.439,23.026,1.0
SparcnovaTTV,S17,8,2Master,0.25,0.375,1.25,2.125,263.0,12.143,427.002,50.242,649.25,1622.124,19.908,2925.765,25.2,2.0
V,S17,4,2Master,1.25,0.75,1.25,3.25,408.5,38.462,404.849,47.933,583.75,1561.569,15.73,3077.296,23.755,1.0
md.,S17,12,2Master,0.667,0.5,1.083,2.0,314.583,32.063,445.958,48.527,774.75,1664.555,22.939,3025.886,24.452,6.083
Geherpaderp,S17,4,2Master,0.75,1.0,1.75,1.75,366.5,42.857,380.132,48.356,507.25,1458.526,9.736,2856.763,17.251,0.25
Scotti,S17,1,2Master,0.0,0.0,0.0,0.0,126.0,0.0,428.0,51.94,729.0,1566.0,14.76,3317.0,21.024,2.0
ShamuRL,S17,3,2Master,0.333,0.667,1.0,1.667,263.0,20.0,304.828,50.671,427.0,1465.874,9.417,2859.289,16.127,0.333
Syn,S17,4,2Master,1.25,0.5,0.5,3.0,395.0,41.667,375.038,46.926,523.0,1464.286,10.458,2702.681,15.441,0.25
instnt,S17,4,2Master,1.0,1.75,0.75,2.0,395.75,50.0,349.814,49.491,543.75,1457.793,10.318,2944.878,25.001,0.75
0 IQ Leonis,S17,4,1Premier,0.75,0.75,1.25,3.25,361.5,23.077,413.761,51.361,565.25,1525.364,13.27,2740.414,25.168,1.25
Evil,S17,20,1Premier,0.65,0.5,1.7,2.65,402.6,24.539,391.369,49.509,532.6,1625.414,18.306,3145.109,18.293,1.55
GreenSleeves,S17,20,1Premier,1.0,0.55,1.55,2.75,391.4,36.288,382.78,47.516,627.45,1506.984,13.465,2619.944,24.21,1.1
Maj,S17,4,1Premier,0.75,0.25,1.75,3.75,388.75,20.0,410.22,49.768,661.25,1523.525,15.076,2839.698,23.34,0.25
Neoblastz,S17,2,1Premier,0.5,0.5,2.0,2.0,327.0,25.0,366.816,42.873,319.0,1398.325,8.943,2977.765,11.555,0.5
Rated,S17,2,1Premier,0.5,1.0,0.0,1.5,243.0,33.333,382.279,47.122,612.0,1570.37,17.15,3021.64,21.556,2.0
Tylurr,S17,4,1Premier,0.5,0.5,1.5,2.5,334.25,20.0,331.568,49.821,441.0,1424.918,8.28,2874.176,18.416,1.0
Mystikal,S17,4,1Premier,0.25,1.25,3.25,3.0,458.5,8.333,321.935,51.731,518.5,1466.366,11.857,2935.688,16.451,0.5
Noriko,S17,4,1Premier,0.5,0.25,1.0,3.75,332.25,13.333,409.231,50.043,645.25,1561.675,13.813,2986.682,18.651,1.25
Pain.,S17,4,1Premier,1.0,0.75,2.25,3.5,482.5,28.571,418.797,49.516,622.5,1573.036,17.167,3027.111,26.674,1.5
Roman.,S17,8,1Premier,0.625,0.375,1.625,3.625,356.875,17.381,405.345,45.972,698.625,1558.67,14.842,2828.302,23.861,1.5
Tartan,S17,4,1Premier,1.0,0.25,2.5,3.25,491.75,30.769,366.722,54.682,628.75,1484.443,12.821,3239.939,18.616,1.0
Zip,S17,8,1Premier,0.625,0.5,1.75,3.25,408.0,19.231,404.568,50.822,665.125,1586.18,15.934,3059.55,23.65,1.125
.Andy,S17,8,1Premier,0.875,0.125,1.5,2.75,352.375,32.051,431.674,48.302,542.375,1578.424,17.313,2587.653,22.028,1.25
DQ.,S17,4,1Premier,0.5,0.25,1.25,2.75,316.5,18.182,345.543,47.306,684.25,1471.642,11.468,2813.873,24.863,1.5
distant,S17,4,1Premier,0.25,1.0,1.75,1.75,324.75,14.286,443.317,48.386,581.5,1535.632,15.697,2833.569,23.394,1.5
hams,S17,8,1Premier,0.5,0.375,1.75,2.0,333.875,23.81,446.873,52.154,679.125,1491.949,15.394,2885.717,20.416,1.25
insanity,S17,4,1Premier,0.75,0.25,1.25,2.5,340.75,30.0,329.432,54.946,582.25,1535.516,11.767,2814.695,23.591,1.0
leaf,S17,8,1Premier,0.25,0.875,1.375,1.75,306.5,14.286,387.511,48.952,510.25,1544.561,14.136,2853.021,20.102,0.75
Static,S17,12,1Premier,0.75,0.75,1.167,2.167,353.833,38.645,406.371,49.243,565.417,1578.652,19.002,2774.695,23.702,1.25
jpablo,S17,12,1Premier,0.667,0.5,1.5,2.917,376.667,22.597,338.752,47.626,539.167,1530.485,11.611,2752.868,22.684,1.0
reag,S17,12,1Premier,0.75,0.583,1.5,3.333,380.667,22.092,384.377,46.7,441.917,1547.391,17.725,2943.344,21.091,0.917
Pixel,S17,7,1Premier,0.0,0.429,1.0,2.429,217.429,0.0,377.616,50.201,618.429,1512.571,11.997,2783.533,23.597,1.143
Vision,S17,4,1Premier,0.75,0.0,2.25,2.75,420.0,27.273,429.323,49.442,586.25,1568.809,17.976,2989.666,21.989,1.25
W0lf,S17,7,1Premier,0.714,0.286,1.286,2.571,315.143,27.857,391.059,48.001,653.429,1662.398,22.139,2930.758,25.819,1.857
EllectroZx,S17,16,1Premier,0.25,0.75,1.125,2.188,308.625,12.153,430.463,51.205,635.5,1615.739,15.668,2922.816,20.73,1.0
Kylau^^,S17,4,1Premier,1.0,0.0,1.75,2.75,411.5,36.364,377.089,41.761,400.0,1500.739,12.883,2918.116,20.06,1.0
Leoniis.,S17,12,1Premier,0.583,0.667,1.333,2.083,322.667,30.952,378.969,50.243,492.417,1500.174,11.904,3121.479,17.847,1.167
Monster.,S17,16,1Premier,0.5,0.312,1.188,2.688,311.812,17.893,434.285,50.0,570.75,1559.813,15.951,2970.264,20.343,0.812
Kylau,S17,12,1Premier,0.917,0.5,0.833,2.75,351.75,32.601,394.44,45.435,619.333,1485.811,12.426,2925.225,23.985,1.417
Peaceful.,S17,12,1Premier,1.167,0.75,1.667,3.583,472.75,38.056,423.954,46.866,641.667,1535.842,15.811,2755.845,20.289,1.5
Rzemb1e,S17,8,1Premier,1.125,0.75,1.0,2.0,372.875,58.333,404.779,42.764,516.5,1563.988,14.371,2963.894,19.559,1.375
T.,S17,8,1Premier,0.125,0.625,1.875,2.125,328.25,12.5,404.617,49.368,535.875,1615.355,16.349,2960.605,19.201,0.75
M0rg,S17,8,1Premier,0.875,0.375,1.0,1.75,317.75,52.083,359.526,46.472,578.375,1512.626,11.454,2981.818,19.673,0.625
Angebro,S17,3,1Premier,0.0,0.667,0.333,2.0,193.333,0.0,416.203,45.15,579.667,1493.507,11.533,2631.87,22.213,0.333
Deesh,S17,3,1Premier,1.0,0.0,0.667,2.0,325.667,50.0,365.855,47.886,574.0,1492.06,10.45,2825.2,21.273,0.333
Hirsch,S17,4,1Premier,0.5,0.5,1.5,2.25,325.0,22.222,432.41,45.491,693.5,1627.711,18.989,3088.632,25.805,1.75
Leonis. (Hotel Wifi),S17,4,1Premier,0.25,0.0,0.75,2.0,196.0,12.5,366.834,50.301,597.75,1480.563,10.46,3051.977,22.313,1.25
