Player,sid,season,games,tier,goals,assists,saves,shots,score,shooting_pct,boost_per_min,avg_boost,boost_stolen,avg_speed,pct_supersonic,dist_to_ball,pct_offensive_third,demos_inflicted
BBlaazee.,32092911b60d4d9ea03e28d203746b96,S25,3,Challenger,1.333,0.667,1.333,3.667,423.0,36.364,419.122,50.229,715.667,1548.534,17.154,2494.481,22.367,1.0
Larkspur,76561198838606166,S25,3,Challenger,0.333,0.333,1.333,1.667,215.0,20.0,359.041,39.354,283.0,1411.099,6.679,2955.653,17.156,0.333
StoveMessiah,76561198050600661,S25,3,Challenger,0.333,1.333,1.667,2.333,369.333,14.286,317.329,48.584,381.0,1440.255,8.432,2888.775,16.579,0.0
TDogPlayz,652d57b634bd4273af81bcc6b464bc20,S25,3,Challenger,1.0,1.0,1.333,2.667,343.667,37.5,417.085,46.181,466.333,1492.214,10.999,2607.423,18.435,1.0
Witha ^~^,76561198213357401,S25,3,Challenger,1.0,1.667,1.667,3.0,442.667,33.333,357.677,49.681,219.667,1461.588,10.954,2795.966,17.321,1.0
dyl,76561198271126177,S25,3,Challenger,1.333,0.0,0.667,3.0,331.0,44.444,406.397,48.3,373.667,1550.406,13.733,2749.979,23.264,1.0
luckyraizz,9415bcbd5a54495a9049db548930ad97,S25,3,Challenger,1.667,1.0,0.667,3.0,440.0,55.556,402.223,49.716,583.333,1579.471,16.015,2842.43,20.719,2.0
xxDaddysHerexx,d497988ea80b407ebebe1820612a7ed5,S25,3,Challenger,1.333,0.333,1.0,2.333,360.667,57.143,354.523,53.292,406.333,1600.721,14.705,2955.882,18.022,0.667
0Kaiser0,5ecb4b5b0df24d60914974a69b40d943,S25,2,Rival,0.5,0.5,0.5,2.5,337.0,20.0,413.615,45.908,545.5,1513.441,9.541,2797.719,19.433,2.0
Charlemagne,76561198033910060,S25,2,Rival,1.0,0.5,0.5,4.0,378.0,25.0,294.727,40.575,252.0,1398.879,6.54,3050.532,20.003,1.5
Chung,76561198969042681,S25,2,Rival,0.0,1.5,2.0,1.5,364.5,0.0,323.673,41.673,509.0,1424.96,9.261,3026.957,19.341,1.5
Danub,76561198295399502,S25,3,Rival,1.0,2.0,2.0,2.667,525.333,37.5,376.444,49.801,619.667,1466.079,13.913,2921.144,17.945,0.667
Free.,76561198087225735,S25,3,Rival,1.667,0.333,1.0,3.333,469.333,50.0,411.071,50.31,906.333,1509.86,10.639,3085.959,23.673,1.0
Reeky,76561198805562340,S25,2,Rival,1.0,0.5,1.0,1.5,386.0,66.667,318.025,51.366,764.0,1508.928,8.78,3069.543,23.02,0.5
RiisenJT,RiisenJT,S25,2,Rival,1.0,0.5,0.5,2.5,331.5,40.0,392.85,47.157,177.0,1525.401,14.962,3039.304,18.518,1.0
SUPERDUPERBAM,76561198042980036,S25,2,Rival,1.5,0.5,0.5,5.0,461.5,30.0,372.576,57.366,973.0,1589.032,17.501,3179.667,24.594,1.5
Wheelchair {LFLegs},76561198079886436,S25,2,Rival,1.0,0.0,0.5,2.5,278.0,40.0,318.923,40.678,328.0,1442.746,11.394,3260.865,19.37,0.5
Zay,76561198390209163,S25,2,Rival,1.5,0.5,2.5,2.0,523.0,75.0,382.697,54.193,493.0,1557.479,12.811,2585.388,19.449,2.5
cozyboy,76561198838386678,S25,2,Rival,0.0,1.0,1.5,1.5,257.5,0.0,409.147,47.022,818.0,1691.094,24.986,3332.957,24.153,2.5
Bandido,76561198234118140,S25,3,Rival,0.333,0.0,1.0,2.0,242.667,16.667,297.937,51.964,390.0,1452.572,7.692,2940.232,20.015,0.333
Celiscy,d813ecb88d1b45549bfedb08f0c348c6,S25,4,Rival,2.0,1.0,1.25,2.5,556.5,80.0,357.7,59.133,532.0,1531.468,12.376,2934.039,22.817,0.75
ChilloutGames,ec681a6c3dce4331b168c647ca6ae808,S25,3,Rival,0.667,0.333,1.333,1.333,302.0,50.0,351.192,44.366,558.333,1544.017,13.021,2977.437,17.887,1.667
EyeSucka,01ab89f76d7040f89a994ed95a3bf421,S25,3,Rival,1.0,0.333,1.333,2.333,362.333,42.857,291.053,50.53,447.0,1479.138,8.809,2831.015,20.557,0.0
Jmh187-,45749f7a25ef4e35a8f093c1c9bf4871,S25,1,Rival,2.0,0.0,0.0,4.0,346.0,50.0,434.0,46.75,337.0,1521.0,9.792,3527.0,16.886,1.0
ObiWan_Can_O_Bee,f5fe39dae1b04d8db9881fd4b1380996,S25,1,Rival,2.0,0.0,2.0,3.0,503.0,66.667,455.0,48.5,755.0,1515.0,10.859,2988.0,21.087,0.0
Surge85,2c07a283e2c244af9be6fc5aa311c668,S25,3,Rival,0.333,0.333,0.667,3.667,234.0,9.091,307.546,58.643,638.333,1586.679,11.245,3083.488,24.118,0.333
hoyci,76561198890967354,S25,3,Rival,1.333,1.0,0.667,2.667,397.0,50.0,325.076,50.55,351.667,1418.049,8.696,2929.1,19.997,0.667
zayyaa.,f747722b1aae4cfa9bbc89fb73edd845,S25,3,Rival,0.0,0.333,0.667,1.333,147.333,0.0,440.58,42.129,507.333,1625.313,15.2,3225.452,19.579,2.0
JoeExotic,76561198140993771,S25,3,Rival,0.333,0.667,0.667,3.333,236.0,10.0,361.709,54.184,491.333,1522.987,11.586,3176.389,25.198,1.0
MagesticEagle1,76561198799710154,S25,3,Rival,0.333,0.667,1.0,1.667,264.667,20.0,365.407,51.904,549.667,1485.57,12.388,2863.86,24.426,2.333
MattViaAirwaves,76561198009621876,S25,3,Rival,0.667,0.0,1.667,2.0,365.667,33.333,348.361,49.159,566.667,1548.703,10.284,2878.02,26.99,0.333
Mezberry,76561198085509041,S25,3,Rival,0.667,0.333,2.0,2.0,381.333,33.333,412.362,45.315,495.0,1535.468,15.446,3025.736,22.731,0.333
SUP3RM00NS,76561198028276357,S25,3,Rival,1.333,0.333,1.0,2.333,327.667,57.143,343.572,42.788,400.667,1423.518,10.884,2783.059,17.66,0.667
YQa,cae111f1deef42f396b9f0fec6652054,S25,3,Rival,0.333,0.667,2.0,2.333,351.333,14.286,335.602,52.379,385.0,1441.041,10.031,2778.23,14.876,1.0
haileyset,3df15d3f99a646aba75cd2d3efa1d9e9,S25,3,Rival,1.0,0.667,1.333,3.0,385.667,33.333,441.666,47.533,381.667,1548.213,13.501,3057.677,16.454,1.667
iSuperiorAlpha,76561198386452220,S25,3,Rival,0.333,1.333,1.0,1.333,354.333,25.0,394.222,52.97,537.0,1515.464,10.524,2838.647,19.186,2.0
BillyGatez,76561198069348252,S25,8,Veteran,0.875,0.5,1.0,3.625,331.625,24.821,416.339,47.489,709.0,1591.209,14.809,2961.33,26.989,2.0
Goose,76561198070901578,S25,3,Veteran,0.0,0.333,0.0,0.333,103.333,0.0,338.258,46.127,566.667,1541.938,10.751,3230.059,19.175,1.667
Hyzer Flip Reset,76561198044091296,S25,3,Veteran,0.333,0.0,3.333,2.333,374.0,14.286,359.632,48.862,251.667,1535.528,12.237,2808.035,13.965,2.0
Jon.DPT,b316a1ca80204bca8bb6add3a8cd60d4,S25,1,Veteran,1.0,1.0,1.0,3.0,370.0,33.333,368.0,55.68,807.0,1444.0,8.426,2931.0,24.068,2.0
Pletheros,76561198082130700,S25,3,Veteran,0.333,0.333,1.667,1.0,311.667,33.333,367.28,52.181,383.667,1452.02,9.739,2852.084,21.705,1.667
ShyIsEepy,15c4298c620d4a0993ab73aded9dcd53,S25,1,Veteran,2.0,1.0,2.0,4.0,590.0,50.0,387.0,47.86,483.0,1564.0,13.05,2921.0,21.289,0.0
Slm,76561198821775220,S25,1,Veteran,1.0,2.0,0.0,4.0,380.0,25.0,303.0,47.65,824.0,1494.0,10.606,3160.0,27.713,0.0
Stone-Dog Millionaire,76561198338219941,S25,7,Veteran,0.286,0.714,0.714,1.714,223.143,20.0,375.058,46.256,569.143,1510.43,9.887,3116.836,21.814,0.857
TheDarkHero77,200c3a6216954623bd5fea4af9dd6fba,S25,7,Veteran,1.143,0.143,0.571,3.429,350.857,28.571,435.781,51.11,595.429,1532.888,12.498,2802.833,27.413,0.714
AngryPoptart_RL,0f26eb45466f420ca1d575a91d9891bd,S25,5,Veteran,0.8,0.4,0.8,3.0,331.2,26.667,449.715,51.211,574.4,1565.877,16.942,3041.34,30.028,1.0
Ziffy,76561198821924246,S25,9,Veteran,0.556,0.556,1.0,3.222,304.0,11.905,405.67,46.617,620.778,1526.853,10.989,3014.513,25.202,0.778
Crimson,76561198218187185,S25,2,Veteran,0.5,0.5,0.5,2.5,263.0,20.0,388.504,45.806,369.0,1538.495,12.424,3120.046,23.749,0.5
Dunnie14,76561198170157943,S25,2,Veteran,1.0,0.5,2.5,2.0,469.5,50.0,304.024,44.935,310.0,1391.742,9.579,2754.055,17.846,0.0
Flame_RL10,ccf158f6d35d47f0adc11ecc121888df,S25,4,Veteran,1.0,0.5,1.5,3.0,445.0,33.333,432.713,49.078,581.75,1569.322,15.19,2648.922,22.854,0.75
M0NKEE .,312b72068a154fc5b8c8139581403217,S25,3,Veteran,1.0,0.667,1.667,2.667,436.0,37.5,394.606,48.572,675.667,1509.178,13.842,2782.761,22.599,2.667
Murleaux,f1d4d0472e184dc3892bb9e73f777926,S25,4,Veteran,0.25,0.5,1.0,1.5,260.0,16.667,429.021,49.003,436.5,1550.189,13.234,2996.843,20.593,0.75
Squatch70,b38179ef74104605bd2533a3be8274fb,S25,3,Veteran,1.0,1.0,1.333,1.333,337.667,75.0,420.552,48.781,486.333,1570.142,15.076,3085.826,18.536,1.667
belly rubber 10,76561198050088903,S25,3,Veteran,0.333,0.333,0.333,3.333,247.333,10.0,384.907,47.259,528.333,1493.653,11.427,2650.104,22.337,1.667
xmanyaknow,d6abf3fdad0b44bd80e582958ab8d437,S25,3,Veteran,0.667,0.667,2.0,3.667,388.667,18.182,398.217,47.206,558.667,1456.465,9.735,3041.76,20.068,0.333
Blaiyzur,cdf477d33e5f48beaec48f30b596b031,S25,9,Veteran,1.0,1.0,1.556,1.778,391.889,52.143,363.078,45.784,315.333,1515.533,13.947,3246.753,16.403,1.111
Cognitixn,b7fc223789fa45a69ee92ef9d6701243,S25,2,Veteran,1.5,0.0,2.0,4.5,471.5,33.333,383.037,52.473,438.5,1497.071,11.782,3080.213,22.224,1.5
Drupenson,76561198142265161,S25,2,Veteran,1.5,1.5,0.5,2.5,396.0,60.0,376.955,47.768,761.0,1516.246,12.609,2986.041,22.3,2.0
JeiWoo,76561198257278163,S25,2,Veteran,0.5,0.5,2.0,2.0,326.5,25.0,344.207,44.142,615.0,1376.519,7.482,3036.932,22.205,0.0
Jhammy.,2f7a16a78d4d4f868e76e0401d13ba35,S25,2,Veteran,0.5,0.5,0.0,3.5,235.0,14.286,376.054,50.397,414.0,1550.595,11.479,3195.485,19.999,0.5
Raw Mushrooms,a8ac59fb945b49b59819b0535c8d7fbd,S25,5,Veteran,1.2,0.2,2.0,4.0,421.6,30.0,408.772,50.321,534.8,1510.553,9.939,3070.873,18.287,1.2
Redhood913011,ac31801eff1d47e996c98f59913e39db,S25,7,Veteran,0.571,0.429,1.0,2.0,272.0,27.891,297.84,51.291,338.0,1453.975,6.162,3435.282,15.551,0.143
Vaz1fy.,7b17eb8425784eb5b2736953f0ab9422,S25,2,Veteran,0.5,1.0,2.5,2.0,455.0,25.0,351.39,48.917,654.0,1479.534,12.593,2944.444,23.529,2.0
Wavy,76561199087335332,S25,9,Veteran,0.556,0.333,1.889,2.0,352.0,27.381,411.971,47.4,753.889,1535.713,14.63,3088.057,21.815,0.444
beamish_,cd65ee2f58494933a0f22ada49c47591,S25,2,Veteran,1.5,2.0,0.5,4.5,475.0,33.333,354.354,51.216,391.5,1485.487,9.483,3258.55,19.096,1.0
ARJ,76561198089674926,S25,3,Veteran,1.0,0.0,1.667,2.0,364.333,50.0,368.4,46.311,554.333,1516.838,11.388,2619.065,19.116,1.333
Ken Whiffey Jr.,6271f2503d3742599e5546b96e7b31d8,S25,3,Veteran,1.333,0.667,3.0,1.333,544.333,100.0,346.408,43.843,394.0,1493.173,9.241,2758.476,13.697,0.333
Robbie,76561198399553294,S25,1,Veteran,0.0,2.0,1.0,3.0,342.0,0.0,436.0,49.02,400.0,1548.0,16.824,2638.0,16.867,0.0
Vera,76561199041923966,S25,3,Veteran,0.0,0.333,1.667,1.333,232.0,0.0,413.843,51.218,406.0,1537.962,14.457,3027.94,15.908,1.0
Zeke is HELP,76561199063178314,S25,1,Veteran,2.0,0.0,1.0,2.0,328.0,100.0,405.0,43.0,744.0,1448.0,10.788,3119.0,15.167,0.0
oneplayamaker,ce20ac0e4a5543188d63c4eab9a82fd9,S25,1,Veteran,0.0,0.0,0.0,0.0,86.0,0.0,414.0,57.24,347.0,1736.0,19.107,3319.0,18.716,1.0
Gama The Dwarf,b6e845fe9d1444d98b84ed16b4e55969,S25,3,Veteran,1.0,0.0,1.333,3.333,315.333,30.0,346.999,46.957,402.333,1509.398,11.466,2999.182,18.668,0.0
Lightning Montgomery McQueen,76561198208118137,S25,3,Veteran,0.667,0.667,1.333,1.0,341.333,66.667,377.222,44.545,486.0,1546.414,15.385,2924.036,17.551,2.333
Ninjatron,76561198051421386,S25,3,Veteran,1.0,0.667,1.0,3.667,423.0,27.273,384.221,54.887,739.667,1559.972,14.302,2531.562,21.47,0.667
Yoza,76561198164812156,S25,6,Veteran,1.333,0.333,1.833,2.5,420.333,53.704,422.707,43.137,466.667,1497.547,13.962,3082.242,19.271,0.333
woah_kalebb,0e5564471c934c7d9021e5fc9bedd768,S25,3,Veteran,0.333,0.667,0.667,1.667,311.333,20.0,380.658,44.586,353.667,1496.142,11.226,3072.271,17.374,0.667
Causing .,76561198208091775,S25,4,Veteran,2.25,0.25,0.75,4.75,479.0,47.368,454.637,47.69,603.5,1614.143,18.298,2942.091,23.544,1.75
DEMOralize,76561198147269825,S25,4,Veteran,1.0,1.0,0.75,1.75,351.5,57.143,450.484,46.92,961.0,1656.105,20.547,3139.726,32.954,5.25
Hydro  ,76561199050727549,S25,2,Veteran,1.0,1.0,2.0,3.5,463.0,28.571,411.456,50.826,300.5,1561.807,16.031,2892.502,17.75,0.5
WittingHalo64,76561198274314522,S25,2,Veteran,0.5,3.0,0.5,3.0,424.0,16.667,360.533,45.991,486.5,1537.257,13.254,3297.646,22.066,0.5
Bas Radala,76561198043113722,S25,4,Veteran,0.25,0.25,1.5,3.5,273.5,7.143,366.828,49.617,453.25,1555.823,13.812,3042.697,19.784,0.0
Devyze,6823a16ef0bd48a1875a09a297662b2b,S25,4,Veteran,0.5,0.5,1.5,2.5,323.5,20.0,414.556,44.16,391.25,1516.52,13.507,2759.981,19.64,0.0
ShoddyWolfman,d7ce1ce6469f418186559248831de048,S25,4,Veteran,0.75,0.5,3.0,1.0,413.0,75.0,345.854,40.235,285.75,1472.796,8.496,2798.498,15.321,2.0
Chadley,76561198985167078,S25,3,Elite,0.333,0.667,1.0,3.0,258.667,11.111,450.215,53.207,854.333,1671.927,20.12,3219.063,28.407,0.667
Fused Gavin,Fused Gavin,S25,3,Elite,0.333,0.0,2.0,1.333,353.667,25.0,424.341,43.424,475.0,1628.913,23.015,2863.4,19.574,1.0
Killua wya,Killua wya,S25,4,Elite,1.5,0.5,1.25,3.25,450.0,46.154,422.176,52.311,553.5,1669.968,21.026,2853.838,24.386,0.5
Mai,76561198439088910,S25,1,Elite,0.0,0.0,3.0,3.0,483.0,0.0,413.0,47.98,429.0,1605.0,17.085,2993.0,25.938,1.0
Nuummite,76561198084050154,S25,3,Elite,0.0,0.333,1.333,1.667,223.0,0.0,332.725,36.873,388.0,1379.77,6.755,2789.915,16.289,0.333
Rose_Havoc97,76561198976384304,S25,4,Elite,0.5,0.5,0.5,3.75,261.0,13.333,412.583,50.57,546.0,1623.042,15.157,3023.71,25.873,0.75
flamethrowr,76561198147284115,S25,3,Elite,0.333,0.333,1.333,1.0,267.0,33.333,342.544,47.346,261.0,1492.385,6.553,3047.301,17.277,0.333
n0maa,76561198279415180,S25,3,Elite,0.667,0.333,0.667,2.333,303.0,28.571,391.943,46.907,543.0,1377.429,7.852,2840.706,22.393,0.0
2twisteda,cfb6eb0a449646f280622a8c77d1bc6b,S25,4,Elite,0.75,1.0,0.75,3.0,322.0,25.0,411.048,43.246,665.75,1533.421,14.465,2892.378,21.95,1.0
Canadian Things,76561198166198878,S25,3,Elite,1.667,0.333,1.333,2.333,413.0,71.429,309.592,45.061,422.333,1374.945,3.936,2791.421,18.615,0.0
Kousei.,76561198176407643,S25,3,Elite,1.0,0.667,1.0,3.333,385.333,30.0,397.78,48.291,532.667,1565.602,15.728,2939.133,19.179,0.333
Kryll-JesusSolos,5a783c50c09841f5af0a7bac47aec4e5,S25,2,Elite,0.0,0.5,1.0,2.5,200.5,0.0,372.896,51.728,453.5,1434.823,10.195,2909.378,16.581,1.5
LoonaKami,a5ce4557dc044a80ab14046ebc1abc98,S25,2,Elite,0.0,0.5,1.5,2.0,241.0,0.0,336.604,49.486,456.5,1419.654,9.876,2877.109,13.247,0.5
Nastradamus,76561198353637151,S25,2,Elite,0.0,0.0,0.5,0.0,212.0,0.0,324.435,51.414,445.5,1498.516,11.637,3036.607,14.071,0.0
Stingray,76561198380329501,S25,4,Elite,1.5,0.5,1.5,1.75,423.75,85.714,382.113,55.639,410.0,1593.179,18.109,3208.555,21.57,1.5
tjdubya21,03ea922a50b84e4688bf741eceed18c8,S25,4,Elite,1.25,1.5,1.25,3.0,457.5,41.667,416.692,46.49,520.75,1589.914,14.651,3073.668,22.45,0.0
Geherpaderp,76561198069794890,S25,6,Master,0.667,0.0,1.5,2.167,287.0,30.952,372.061,51.704,498.333,1481.05,11.1,2845.75,21.195,0.667
Hirsch,76561198768061133,S25,5,Master,1.0,0.4,0.6,1.8,300.0,54.0,421.558,45.189,648.0,1523.166,15.123,2907.586,24.8,1.2
Kaisaroh,76561198399313598,S25,10,Master,0.6,0.3,1.7,2.5,311.8,19.135,334.712,46.316,409.8,1444.566,9.861,3031.65,15.674,0.7
Naoki,76561199001680849,S25,9,Master,0.556,0.889,1.889,2.222,368.556,26.19,421.132,49.252,415.444,1578.616,15.242,2945.076,19.621,0.778
Neoblastz,76561198114721305,S25,6,Master,0.667,1.167,1.833,2.333,419.0,26.667,385.733,42.634,387.667,1488.568,12.406,3027.35,17.941,0.5
RaunchyRomanian,0f5ecffa411c460da36c94a82a62f41f,S25,4,Master,1.25,0.5,1.75,2.5,459.5,50.0,372.033,48.138,526.0,1454.237,10.492,2801.38,20.502,0.25
Sneaky Golem,76561198394601341,S25,6,Master,0.833,0.5,2.333,2.5,410.333,34.821,465.148,48.734,650.833,1593.483,17.698,3166.178,20.008,1.0
rozi-,0b286b37a63645bba01582efb693aa79,S25,8,Master,0.5,0.75,1.25,1.75,309.125,33.333,422.019,47.501,513.375,1489.534,12.359,3079.53,17.427,1.375
wall2wall3,76561198862775763,S25,6,Master,0.667,0.5,0.333,3.333,270.333,20.833,420.674,48.73,565.167,1552.986,15.306,2933.203,21.949,1.167
DQ.,76561198348697234,S25,9,Master,0.889,0.889,0.778,2.889,351.556,30.265,405.183,47.154,564.556,1527.115,15.04,2869.591,22.925,0.889
Divine.,76561198354172480,S25,3,Master,1.667,0.333,1.0,3.333,449.333,50.0,408.942,46.659,580.667,1544.391,15.617,2708.794,23.541,0.0
Isaac13003,76561198350694119,S25,4,Master,0.75,0.25,0.75,2.0,288.5,36.667,381.949,47.618,562.0,1514.559,14.403,2857.865,24.616,0.5
Knabit,76561198256591224,S25,2,Master,0.5,0.0,1.0,4.0,306.0,12.5,446.106,48.023,586.5,1584.242,17.49,2832.793,25.284,1.5
Laser,76561198146520824,S25,9,Master,1.0,0.667,0.889,3.778,373.111,26.313,405.992,51.309,754.0,1547.637,13.191,2890.085,24.506,0.889
Navik,76561198068892103,S25,7,Master,0.429,1.286,0.714,2.571,315.286,16.786,425.959,48.658,553.286,1531.462,12.465,2908.073,21.944,1.143
Shepherd,76561198087776153,S25,7,Master,0.286,0.714,1.143,1.714,280.571,20.635,408.732,49.608,598.571,1508.315,12.603,2716.321,20.196,1.714
Skulzy9,76561198278727140,S25,6,Master,0.167,0.167,1.667,1.667,240.167,8.333,377.01,46.944,453.5,1514.109,16.023,2824.899,21.027,0.333
mojomo (Goofy and Silly),76561198284684264,S25,7,Master,1.429,0.143,1.714,3.143,437.714,36.044,378.28,51.71,548.714,1439.35,10.012,2826.514,22.525,0.286
taLz.,76561198356863590,S25,2,Master,0.0,0.5,1.0,1.5,236.5,0.0,398.744,48.842,379.5,1512.388,12.385,2981.139,22.27,1.0
BOBTHEHUGEMAN,f6eb487653a34d38843aa5bdf880d6e2,S25,10,Master,1.0,0.4,1.0,2.2,310.4,40.0,341.556,45.402,470.6,1425.19,17.825,2928.241,23.957,1.3
C-Loupe,15875dd96fcb47278c362041fa986167,S25,4,Master,0.75,0.75,0.5,2.25,250.25,33.333,465.146,47.073,459.5,1614.533,20.448,3131.656,20.539,1.25
Kri0s,76561198061553414,S25,8,Master,0.375,0.625,2.25,2.5,373.5,16.667,361.832,45.608,424.875,1500.274,14.221,2939.542,20.149,0.5
Nezitic   ,76561198964277114,S25,8,Master,1.25,0.375,1.375,3.5,407.5,35.897,421.939,51.417,579.75,1532.269,14.122,2810.122,21.92,1.125
Saucey,76561198411702857,S25,8,Master,0.375,0.5,1.125,1.0,292.0,31.25,444.994,52.587,560.75,1582.498,16.701,2776.647,19.792,1.625
Slvr.,76561198847006508,S25,8,Master,0.125,0.75,1.25,1.625,278.375,7.143,430.888,47.62,815.5,1579.521,17.544,2930.61,25.413,1.375
ppv halibutt907,76561198069464003,S25,3,Master,0.333,1.333,1.333,1.667,318.0,20.0,410.417,47.865,594.667,1578.258,16.568,3059.671,18.389,0.667
saucey esports snack,76561198025659154,S25,8,Master,0.625,0.25,0.875,3.125,296.125,20.0,383.388,45.937,599.25,1552.67,12.108,2852.545,24.141,1.125
DJ,76561198104659510,S25,8,Master,1.375,1.125,1.0,3.75,451.625,37.5,470.115,49.711,669.625,1668.031,23.664,3000.957,20.668,1.5
Melted,76561198055663448,S25,3,Master,0.667,0.667,2.0,2.333,356.333,28.571,348.898,48.516,403.0,1565.113,16.414,2886.761,21.318,1.333
Mezmer,76561198255589716,S25,3,Master,0.333,1.0,2.0,3.333,388.333,10.0,345.774,45.433,400.333,1504.773,8.695,3112.908,16.313,0.333
Rzemb1e,e7668dbc58314278be856b4d6e8c2825,S25,3,Master,0.667,0.333,0.667,1.667,339.667,40.0,422.679,47.551,484.667,1604.506,19.149,2758.106,22.422,2.667
TheLegendaryChance,76561198354390603,S25,9,Master,1.333,0.778,1.111,1.889,394.667,66.27,448.877,43.319,662.667,1556.864,18.861,2927.993,22.065,1.889
Timbo,76561198049631617,S25,3,Master,1.333,0.0,1.0,3.0,283.0,44.444,371.651,44.698,644.0,1536.203,9.892,2870.096,24.139,1.0
Trickter02,76561198354602962,S25,2,Master,1.0,0.5,0.0,2.5,279.0,40.0,428.932,49.966,537.0,1566.565,16.603,3196.586,17.756,1.5
Viiper,76561198345192690,S25,9,Master,0.889,0.333,1.222,2.444,366.222,30.0,382.794,50.523,333.778,1512.509,9.956,2904.331,19.389,0.556
Xero,76561198113488676,S25,2,Master,1.0,1.0,2.0,3.0,390.5,33.333,352.802,51.446,560.5,1396.563,9.342,2909.113,19.607,0.5
Chazie.,2730f550de8f488eb4801c0348ce0091,S25,4,Master,1.25,0.25,2.0,3.0,434.25,41.667,456.922,48.8,539.5,1589.374,16.069,2794.387,20.385,1.0
DJDancingDuckGIF,c1d7d998cd2d4501acd28fb8a7d6217d,S25,11,Master,0.545,0.909,1.727,1.818,392.091,30.303,404.063,51.048,604.727,1603.913,16.702,3118.865,22.651,1.091
Ditto,76561198980232009,S25,6,Master,0.333,0.5,1.333,2.5,264.833,13.889,365.279,52.524,651.0,1470.182,12.267,2893.19,25.334,1.5
IMOLDGREG67,a3b714578c6e4b2aaabb70f1804dcecb,S25,10,Master,0.7,0.2,1.0,2.6,276.0,31.154,391.784,48.954,510.1,1528.986,16.495,3107.81,22.176,0.5
KING.,76561198828094404,S25,9,Master,1.222,0.444,1.444,3.222,389.0,37.302,409.351,48.654,381.778,1513.29,11.899,2876.984,21.79,0.667
Python,76561198799261985,S25,11,Master,0.273,0.364,1.455,1.455,288.0,23.864,333.158,47.756,448.727,1507.781,12.742,3011.77,21.722,0.273
mirage,76561198306945148,S25,11,Master,0.636,0.364,1.091,2.091,298.455,30.303,386.237,44.323,460.182,1534.425,13.823,2805.576,21.496,1.091
Frijole   ,76561198306454921,S25,8,Master,2.25,0.875,1.375,3.75,549.5,67.857,409.44,57.294,545.875,1579.065,18.824,3002.509,20.787,0.125
Gruens.,73457c0577f74d979df7d9f489169a8c,S25,4,Master,0.5,1.0,0.5,1.25,237.5,33.333,363.806,44.248,319.25,1555.038,15.987,2871.842,16.375,0.5
ImSouperGreat,63cd259f7edb442188c3059a2da869f4,S25,5,Master,2.0,0.8,1.4,3.2,527.8,64.0,412.018,50.338,581.6,1548.177,15.873,2976.086,23.423,1.2
J.Boosted,998e24b5bc83407b8ee2ccdf64cbcffd,S25,5,Master,0.4,0.8,1.4,2.8,344.6,14.667,458.183,45.417,750.6,1632.824,17.984,2775.663,24.791,0.6
Luminati7,76561198048392492,S25,6,Master,0.5,0.833,1.333,1.833,311.0,28.333,418.438,45.108,442.833,1590.63,18.624,3097.51,19.468,1.833
Sangani,76561198407301887,S25,2,Master,0.5,0.0,0.5,3.0,266.0,16.667,390.531,53.268,518.5,1623.825,19.215,3063.859,21.243,0.0
Saucy Rexy,76561198159454627,S25,7,Master,1.143,1.286,0.429,2.429,369.429,48.571,375.823,47.437,577.143,1527.251,10.804,2942.157,20.482,0.0
Spoon,76561198114180172,S25,8,Master,1.125,0.5,1.25,2.375,429.125,47.619,427.056,51.351,507.875,1599.809,12.789,2721.953,20.273,0.25
n e l z,76561198175632990,S25,8,Master,1.125,0.75,0.875,2.75,387.75,39.744,373.614,51.257,644.375,1566.691,16.458,2901.203,23.935,1.0
C01E01,726fb1e88bf64c818968462f4a9a4af1,S25,5,Master,0.8,0.4,1.0,2.2,295.6,50.714,404.228,48.611,684.2,1538.889,14.356,3056.699,23.705,0.6
ChiRho_-,ChiRho_-,S25,11,Master,0.909,0.727,1.909,2.364,429.0,32.727,357.54,54.28,335.545,1468.98,13.659,2941.388,17.16,1.636
RSC Raven,d288da2800ae40a7898f95c9cf4755af,S25,11,Master,0.909,0.636,1.182,3.364,354.727,28.438,341.037,50.425,544.273,1519.582,11.911,2902.1,26.566,0.818
Reported.,76561198983209543,S25,6,Master,0.833,0.667,1.667,2.167,375.833,39.286,403.516,51.096,498.5,1512.901,15.06,2760.426,21.651,1.5
SSpekky,76561198265037946,S25,5,Master,0.6,1.0,2.2,2.8,422.0,15.0,358.929,50.411,513.2,1551.492,12.068,2940.953,21.418,0.4
instnt,76561198319101032,S25,6,Master,0.333,0.167,1.5,1.333,253.167,33.333,338.706,52.383,406.167,1427.037,10.959,3048.926,19.337,0.5
kolm,76561198328307440,S25,7,Master,0.714,0.857,0.571,2.857,303.571,25.432,419.693,48.416,594.429,1587.952,16.251,2817.538,21.43,1.0
lovegreyhounds,e8c071dda7814575baacbe594a28342e,S25,3,Master,1.0,0.0,1.333,2.0,364.333,50.0,345.493,55.748,363.333,1460.226,12.798,2889.697,18.88,0.667
BallChasinq,9b524a0bec024657b43369cf3fda03b1,S25,6,Master,0.667,0.333,1.333,2.667,334.333,25.556,417.962,44.509,479.667,1527.94,14.758,2714.007,17.54,1.333
GrandPlat,76561198799710247,S25,4,Master,0.5,1.0,0.5,1.75,304.25,28.571,351.294,49.54,448.75,1433.288,10.754,2995.113,19.808,0.5
Snipes,76561199088942284,S25,4,Master,1.5,0.25,2.25,3.25,466.0,46.154,448.308,48.694,580.5,1609.364,13.475,2645.16,21.051,1.0
Storm G,8504ad413d8845279b353536b127eaa1,S25,4,Master,1.0,0.75,0.25,3.0,294.0,33.333,396.042,50.324,566.0,1561.651,15.563,3103.669,20.147,1.25
Timmy_-_,76561198288255961,S25,4,Master,0.5,1.5,0.5,3.5,347.5,14.286,396.331,44.544,321.5,1553.295,13.378,2946.677,15.177,0.0
flash.,76561198989227513,S25,7,Master,0.143,0.857,2.0,2.0,338.571,7.143,403.325,48.806,644.0,1637.767,22.014,2885.219,22.841,1.0
BaronTac0,76561199013575758,S25,3,Master,0.333,0.333,1.0,1.667,252.333,20.0,382.459,55.024,571.667,1541.648,10.025,3090.185,21.172,1.667
Kenobs,76561198182636027,S25,5,Master,0.6,0.2,1.2,2.6,312.4,25.333,382.554,48.991,465.6,1570.558,19.083,2822.195,20.404,1.0
Mikee GFuelcom,76561198011893576,S25,5,Master,0.4,0.6,1.2,1.2,286.4,16.0,356.367,45.176,443.4,1435.81,9.464,3437.694,17.824,0.2
Rapidz (Goofy and Silly),76561198997833440,S25,5,Master,0.2,0.0,1.2,2.2,226.2,8.571,317.854,52.581,505.8,1524.235,14.928,3033.584,18.729,1.2
Trickter02,76561198221863496,S25,6,Master,0.667,0.833,1.5,3.333,347.0,20.833,416.688,48.213,682.0,1570.186,13.813,3125.437,21.498,2.333
wicked,76561198819914048,S25,6,Master,0.667,0.333,2.0,2.333,331.333,27.083,420.101,50.832,565.333,1616.752,17.833,3159.852,19.062,1.333
Fanatic,76561198274688205,S25,4,Master,1.0,0.75,2.0,2.75,447.75,36.364,418.631,49.881,594.75,1585.56,19.12,2880.528,21.725,0.25
Girth,76561198079737766,S25,4,Master,1.75,0.5,1.25,2.5,448.0,70.0,380.662,43.268,467.75,1489.241,11.601,3024.152,20.896,0.25
Goofball.-.,c3a8799f943246458207013350d884ea,S25,3,Prospect,1.0,0.667,0.333,1.333,356.0,75.0,354.016,51.198,392.0,1433.982,12.264,2691.066,14.048,1.333
ParaRL,76561198124212196,S25,3,Prospect,0.667,0.333,0.0,1.667,238.667,40.0,393.819,52.354,370.667,1458.113,12.267,2823.554,20.06,0.0
Pivot97,Pivot97,S25,2,Prospect,1.0,0.5,1.0,1.0,296.5,100.0,406.694,43.853,490.5,1487.039,11.031,3030.251,20.64,0.5
Risk.NA,e49af7091eb6498e8a40dad4b7132149,S25,3,Prospect,0.0,0.333,0.333,0.667,202.0,0.0,406.327,50.532,444.667,1488.539,9.358,2598.686,24.631,0.667
Shadows_ss,76561198423772756,S25,2,Prospect,0.5,0.5,0.0,1.5,188.0,33.333,362.108,46.638,305.0,1548.814,12.856,3211.518,17.661,1.5
SludgeMixFuzz,b51444fea00e475cb7ddaf1db78f1f21,S25,1,Prospect,1.0,0.0,1.0,1.0,314.0,100.0,292.0,44.76,350.0,1437.0,9.739,3118.0,14.75,2.0
Thor MAVERICK,eb30bcbc2c9b471d9887d6f7aac2fc62,S25,3,Prospect,1.0,0.333,1.0,4.0,338.667,25.0,348.199,55.055,528.667,1402.706,7.565,2744.336,26.251,1.333
Xcalibur9659,571782ae8a5240af8a05de968edf89f4,S25,3,Prospect,0.0,0.333,0.333,0.667,136.667,0.0,298.208,50.856,335.0,1375.348,6.754,2987.902,18.134,0.0
xihir0,571796adf55247b1b0de1460aaa071af,S25,4,Prospect,0.75,0.75,1.25,2.0,348.5,37.5,393.461,55.915,359.75,1536.488,13.946,2941.308,14.674,0.75
Blitzzzzz.,a4f7f3753ba748ba81634008e9afffc7,S25,4,Prospect,0.75,1.25,1.0,2.75,356.5,27.273,433.096,46.336,660.0,1491.885,12.165,2813.716,26.914,2.0
Cynical89,76561198005141104,S25,4,Prospect,0.25,0.25,1.0,0.75,193.75,33.333,301.629,46.878,444.75,1413.768,8.188,3201.928,18.751,0.75
DumplingsAreGod,4149158df5c542838ebdc7067b8c5172,S25,4,Prospect,1.25,0.25,2.0,3.75,436.0,33.333,362.738,52.887,399.0,1489.796,10.772,3005.249,21.358,1.0
Enterprise15,ca45698144694bfbb3e396411a29e486,S25,4,Prospect,1.0,0.75,1.5,2.0,385.5,50.0,413.871,52.164,532.5,1606.887,19.052,3042.705,20.804,2.75
StruttRL,76561198033380824,S25,4,Prospect,0.75,0.25,1.75,2.5,405.0,30.0,343.378,51.65,388.25,1395.436,8.413,3005.778,17.289,0.75
Titan,76561198151563184,S25,4,Prospect,0.75,0.5,0.0,2.5,254.25,30.0,314.518,45.731,319.75,1453.617,9.878,3175.57,21.888,0.5
