Player,Tier,Team,GP,W,L,bc_name,bc_games,shooting_pct,score,boost_per_min,avg_boost,boost_stolen,pct_zero_boost,avg_speed,pct_supersonic,pct_high_air,dist_to_ball,pct_offensive_third,demos_inflicted,demos_taken,win_pct
EliTW22Playz,Master,Andromeda,24,17,7,EliTW22Playz,4,33.333332,502.5,381.61816,54.71237,873.75,7.7817197,1628.1346,17.725843,5.559899,2740.0925,24.394249,2.0,1.25,0.7083333333333334
Whitlock7,Premier,Super Clusters,24,12,12,Whitlock7,4,21.428572,419.5,432.8226,54.26628,862.0,9.3247385,1595.9386,20.826714,6.2313747,2526.165,23.532808,1.5,1.0,0.5
le bin.,Challenger,Chew Toys,24,17,7,le bin.,7,35.294117,425.14285,297.35638,49.19873,341.7143,6.836393,1365.828,7.2779455,5.7772675,2546.553,18.56152,0.42857143,0.71428573,0.7083333333333334
Exilesbad,Veteran,Grizzly Bears,24,13,11,ExilesBad,4,40.0,379.25,435.20398,53.717068,472.0,9.586402,1579.6537,16.797369,7.377379,2714.461,20.308662,0.5,1.75,0.5416666666666666
Dyloh(?),Master,Andromeda,24,17,7,Dyloh(?),4,35.294117,435.5,427.2664,55.376446,777.0,10.280216,1510.0944,13.371122,8.398466,2690.4858,26.47381,1.75,1.0,0.7083333333333334
PixelSkills,Elite,Gelato,24,18,6,PixelSkills,10,46.6666648,429.90000399999997,401.748016,50.0567536,536.200004,10.6585432,1523.91314,13.4593954,5.956315600000001,2919.8265,17.7816864,0.8000000199999999,0.6,0.75
Chillin,Veteran,Pump and Dump,24,14,10,Chillin,9,30.71895466666667,448.33333999999996,423.1887433333334,50.155501666666666,594.7778000000001,11.576766666666666,1527.1564999999998,14.077917666666666,4.238388466666667,2784.3467333333338,18.66315566666667,1.4444444,0.5555555666666666,0.5833333333333334
Budzy,Amateur,HR Violation,24,18,6,Budzy,5,36.941176,485.0,365.214184,52.7458024,484.6,10.8202116,1486.93896,8.566840599999999,4.2145963,2772.8547200000003,26.5237584,0.6,1.0,0.75
Velocheerio,Elite,Wheelchairs,22,16,6,Velocheerio,4,29.411764,452.5,458.8932,57.439934,472.0,13.090653,1667.7056,24.284433,5.2758384,2857.4294,21.342876,0.75,0.75,0.7272727272727273
Pizza Flavored,Prospect,Honey Badgers,22,13,9,Pizza Flavored,6,25.000000999999997,331.166665,362.312985,49.9527835,427.83333,10.009109500000001,1480.2762,7.9644835,4.0588245,3094.4768000000004,18.757372999999998,1.0,0.50000002,0.5909090909090909
DJDancingDuckGif,Master,FA,24,15,9,DJDancingDuckGIF,4,25.0,342.25,359.18588,47.948772,537.75,9.989025,1532.0508,12.786329,5.50267,2709.9617,20.681707,1.0,1.5,0.625
majical,Elite,Basilisks,24,16,8,majical,8,17.647058,339.625,397.22742,50.644714,377.25,10.83393,1469.6962,12.326585,7.4636626,2856.6584,20.144653,0.75,2.0,0.6666666666666666
insxner,Premier,Jokers,24,12,12,insxner,5,28.0,649.4,442.60473999999994,48.86419,1050.0,12.185411,1652.4461999999999,22.949701,8.179252,2453.573,24.544338,1.0,1.6,0.5
Dray,Challenger,Chromatic Chaos,24,14,10,dray,13,31.921520000000005,375.53845769230765,393.27337230769234,49.906886615384614,539.3846153846154,9.873051230769232,1576.3548307692306,18.761425153846155,6.0315274307692315,2894.265076923077,23.378794692307697,1.1538461607692307,0.8461538546153845,0.5833333333333334
phyzixs.,Rival,Dracos,23,16,7,phyzixs.,6,40.0,356.83333999999996,317.23962,52.75164,371.83333999999996,7.679598299999999,1467.5873999999997,11.385319,2.3749504,3075.601,17.921082,1.0,0.8333333,0.6956521739130435
ToastyPancakes_,Prospect,Blacksmiths,24,11,13,ToastyPancakes_,4,20.0,364.25,499.36392,53.544243,859.0,12.662388,1505.2452,15.293836,6.954511,2460.2021,26.627542,1.5,1.0,0.4583333333333333
Talent?,Elite,Peerless Scarred,24,16,8,Talent?,8,22.222221,370.25,405.61703,54.82016,603.5,8.799159,1554.4857,15.28517,6.683466,3167.0862,22.17593,0.5,1.375,0.6666666666666666
mel,Prospect,Aetherborn,22,16,6,mel,11,34.74025981818182,374.3636363636364,321.1707727272728,49.80721472727273,469.72727272727275,7.565465227272727,1400.9030181818182,7.926583909090908,3.5666231818181817,2988.6309363636365,19.243336636363633,1.1818181454545456,0.9090909090909091,0.7272727272727273
Foam,Master,Glacier Mint,24,15,9,Foam,15,31.666666666666668,443.3999893333333,419.9122479999999,44.34436746666667,489.7333433333333,13.0255072,1596.5744066666666,17.79104746666667,7.642903266666667,2929.0812266666667,20.823119733333332,0.7333333066666667,1.0000000066666666,0.625
Zippy,Master,Helicoprions,24,16,8,Zippy,14,32.76190571428571,445.57142571428574,382.07293857142855,53.541711428571425,714.9285714285714,9.712136271428571,1558.7752571428573,14.788052142857143,6.582487471428572,2955.1539000000002,24.626645857142854,2.2142857428571427,0.7857142714285715,0.6666666666666666
pman,Premier,Valkyries,24,12,12,pman,4,50.0,333.25,364.1813,52.47404,453.25,5.714286,1536.5735,16.397938,7.1764255,2600.5762,17.395332,0.75,0.75,0.5
KAYO,Veteran,Middy Meowers,23,15,8,KAYO,3,28.571432,385.33333999999996,413.96344,54.09454300000001,831.6667000000001,10.23192,1557.6267,16.072756,5.2623124,2670.704,26.658886,1.0,2.3333333,0.6521739130434783
Nixzy,Elite,Leopards,24,16,8,Nixzy,12,38.0952385,408.0,380.56833000000006,48.950449,403.0,11.9090445,1494.8658000000003,13.7236695,4.7270432,2993.9390999999996,20.136156,0.50000002,0.66666665,0.6666666666666666
Dmxtt.,Elite,Basilisks,24,16,8,dmxtt.,8,33.333332,446.125,352.92648,44.961006,450.125,10.957317,1453.1061,11.958978,6.521009,3021.162,19.425005,0.875,0.875,0.6666666666666666
Generallyabot,Elite,Leopards,24,16,8,generallyabot,6,21.73913,371.16666000000004,408.4415000000001,47.39872,484.66666000000004,12.067599,1535.8014,11.935581,5.4639625999999994,2821.6294,18.67824,0.8333333,1.3333334,0.6666666666666666
Gyarados-_-,Rival,Kitsune,23,11,12,Gyarados-_-,9,40.0,385.77777,384.19955,51.151726,575.8889,13.760775,1521.2217,13.087826,5.1477447,2859.7021,22.994753,0.8888889,0.8888889,0.4782608695652174
Surge,Veteran,Kirin,24,11,13,Surge,7,19.047618285714286,293.1428542857143,356.1093114285714,48.52037885714286,451.57142571428574,11.260597571428573,1478.0775571428571,9.866431857142857,4.820229285714285,2970.619685714286,20.447779714285712,0.2857142857142857,1.2857142857142858,0.4583333333333333
TTVst1x4r,Contender,Kodiak Bears,20,15,5,TTVst1x4r,7,40.0,398.57144,437.15677,52.597466,423.0,10.0129385,1559.2051,13.68532,5.208105600000001,2796.1323,17.418522,1.1428572,1.0,0.75
GameGang,Veteran,Nighthawks,24,11,13,GameGang,3,44.444447,470.66666000000004,412.74932999999993,48.43902599999999,488.0,8.900616,1627.9023,17.58054,4.539135,2931.1793999999995,22.251543,2.0,0.6666667,0.4583333333333333
bradyisadopted,Contender,Zorillas,24,16,8,bradyisadopted,147,39.618049156462575,380.74149714285716,394.7403862585033,50.73824432653062,534.1700623129251,12.516778306122447,1534.8752782312924,11.972818367346939,3.270902515646259,3100.9893972789114,20.436253979591836,1.156462594761905,0.8979591995918368,0.6666666666666666
Parallax,Prospect,Red Legion,24,13,11,Parallax,8,33.712122625,418.25,380.83108999999996,47.5311325,722.875,12.04639125,1557.94075,14.558931999999999,5.4317597625000005,2838.7557500000003,22.847428125,0.75,0.8750000124999999,0.5416666666666666
Pistonless,Contender,Wobbegongs,24,16,8,Pistonless,17,32.49889547058824,372.76470000000006,354.0866347058823,53.99539229411765,394.9999917647059,9.151825305882353,1397.7345294117647,10.007010352941176,4.066808900000001,3065.3635529411763,17.70492958823529,0.47058824705882346,0.5882353058823528,0.6666666666666666
Jimbo,Master,Diplomats,24,11,13,Jimbo,31,37.8506576451613,419.67742838709677,447.3265051612903,43.439234516129034,608.7419419354839,15.679575483870968,1613.4911967741934,18.17383977419355,4.415656893548387,2871.238896774194,22.206265193548386,0.9032258387096774,1.0645161741935485,0.4583333333333333
Aquap,Veteran,Grizzly Bears,24,13,11,AquaP,4,50.0,424.25,401.72592,45.129192,596.5,11.427054,1582.6898,15.3386755,4.831252,3011.67,20.950148,0.75,1.0,0.5416666666666666
diehard_mma,Prospect,River Wolves,23,12,11,diehard_mma,6,43.749996,521.8333,340.35413,53.607998,490.0,7.784251,1446.7324,6.2224483,3.9319413,2842.8340000000003,22.495696999999996,0.5,1.1666666,0.5217391304347826
CKNFanboy67,Veteran,Makos,24,13,11,CKNfanboy67,11,28.67133072727273,314.3636363636364,367.04496818181815,49.929027818181815,347.7272818181818,11.57749690909091,1536.5687636363639,12.62443,4.242798254545455,2996.3326909090906,20.97808090909091,0.5454545554545454,1.1818182,0.5416666666666666
Bailey,Elite,Teddy Bears,24,15,9,bailey,3,25.000002,381.33333999999996,393.13719999999995,56.71039199999999,837.3332999999999,8.413453,1531.0960000000002,17.57702,4.9189773,3018.59,25.934834,2.6666667,2.3333333,0.625
Phelpsy,Elite,Teddy Bears,22,14,8,Phelpsy,3,42.857143,343.66666000000004,408.9278299999999,42.610622,540.3333,17.425407,1478.5736,11.32504,4.8288646,2672.0269,25.828272,0.6666667,1.0,0.6363636363636364
NotLuke9,Elite,Leopards,24,16,8,NotLuke9,6,23.529415,286.5,399.65128,48.384605,606.0,13.546387000000001,1521.3715999999997,15.72435,5.520283,3235.4363,20.1108,0.16666667,1.0,0.6666666666666666
TheLegendaryChance,Master,Blackbirds,24,11,13,TheLegendaryChance,4,53.333332,470.75,484.83774,44.46221,693.5,16.899338,1576.7808,20.279179,6.0533957,2913.6648,22.410273,1.25,2.25,0.4583333333333333
GreatHonda,Veteran,Tummy Tables,23,15,8,GreatHonda,3,25.000002,339.0,370.65503000000007,48.687763,512.0,14.325818,1570.8286,10.712581,5.1960883,3302.7666000000004,20.557203,0.6666667,0.6666667,0.6521739130434783
Regal_king1,Amateur,HR Violation,23,17,6,Regal_King1,7,57.50299857142857,397.0,319.02812857142857,59.28654614285714,364.14285714285717,5.2855117,1464.4806285714287,10.819200714285714,1.8360803857142858,3346.7070571428567,21.12698342857143,0.5714285742857143,1.4285714285714286,0.7391304347826086
SirTommyNoble,Veteran,Supernova,23,14,9,SirTommyNoble,7,42.10526699999999,331.57144,422.06256,52.430244,829.0,10.086142,1586.3026000000002,14.731282000000002,3.1382458,3131.8171,25.46307,1.0,1.1428572,0.6086956521739131
Itzmoose,Veteran,Mages,22,12,10,itzmoose,7,23.076923,399.2857,372.36105,54.061058,428.57144,10.66091,1470.761,7.6930976,5.476853,2942.8564,16.787682,0.2857143,1.0,0.5454545454545454
qFoal,Challenger,Decuriones,24,8,16,qFoal,6,7.692308,344.33333999999996,386.5669,49.348980000000005,580.6667,10.898880999999998,1522.698,12.408155,3.953706,2860.3789999999995,20.642334,0.5,0.6666667,0.3333333333333333
GeneralLeigh91,Contender,Zorillas,23,15,8,GeneralLeigh91,163,33.55560290184049,361.5030680981595,333.892883803681,50.640513398773,438.98159411042946,8.519191945398772,1466.5637257668711,9.705275851533743,1.4216534515337425,3075.166757668712,20.430625435582826,1.0368098236809817,0.9202454056441718,0.6521739130434783
Heyzisthename,Veteran,Gorillas,24,20,4,Heyzisthename,6,20.000002,242.83333000000002,390.0859699999999,53.06798,460.5,8.364374,1493.4833,11.438954,5.106213,3058.712,22.595375,1.0,1.3333334,0.8333333333333334
Goofball.-.,Prospect,Fairies,24,13,11,Goofball.-.,7,24.15584542857143,302.57142571428574,341.3620485714286,53.599024285714286,413.57142571428574,10.050552728571429,1413.8536285714288,9.124276428571429,5.0811164,3233.347314285714,17.124375,0.2857142857142857,0.8571428857142857,0.5416666666666666
tman,Master,Battle Masters,24,14,10,tman,4,30.0,414.25,410.92596,47.89041,590.0,12.964359,1508.7882,14.329436,5.184833,2811.9883,23.378456,1.25,0.75,0.5833333333333334
Glint,Rival,Mining Legion,24,16,8,Glint,3,28.571432,334.33334,353.09286,47.69536200000001,496.66666000000004,12.457787000000001,1504.1135000000002,11.1008625,5.698097,3355.6934,20.871769,0.0,0.33333334,0.6666666666666666
Yami ^^,Elite,Peerless Scarred,22,15,7,Yami ^^,8,25.0,379.375,405.80145,52.964085,470.875,9.376099,1513.1978,15.300086,5.032711,3160.3887,19.343914,1.25,1.375,0.6818181818181818
Slvr.,Master,Glacier Mint,24,15,9,Slvr.,21,30.075187714285715,353.9047552380952,408.5878752380952,47.477881333333336,550.1904666666667,11.91802580952381,1563.1281523809525,16.802467047619047,5.531787580952381,2948.129947619048,21.309809,1.1428571428571428,1.6666666380952382,0.625
Billionninja,Veteran,Dragonborn,24,11,13,Billionninja,5,52.7272712,477.6,373.14877800000005,48.497418999999994,446.800004,11.044719,1499.64728,9.8889006,4.0359032,2823.5792800000004,18.2614418,0.60000002,1.19999996,0.4583333333333333
Cognitixn,Rival,Barracudas,23,14,9,Cognitixn,9,37.037037,398.8889,385.21985,51.942333,490.22223,10.863949,1548.3802,13.853609,2.9750438,3063.0518,18.985413,1.1111112,1.3333334,0.6086956521739131
Dokreo,Veteran,Middy Meowers,23,15,8,Dokreo,22,28.006776090909092,396.7727336363636,413.45155272727277,50.55757577272727,421.6818154545454,13.606214999999999,1592.4245,19.832008363636362,4.646347477272728,2879.943986363636,19.12453040909091,0.7272727590909092,0.9090909181818181,0.6521739130434783
AZoroARK,Contender,Cheese Pizza,24,13,11,AZoroARK,12,49.22161083333333,432.0833375,360.35332666666665,51.78837275000001,546.2499916666667,10.298390249999999,1472.4267166666668,11.411322916666668,3.1927349583333338,3114.92195,21.008859083333334,1.4166667083333333,0.58333335,0.5416666666666666
SSpekky,Master,Glacier Mint,23,11,12,SSpekky,11,9.490509818181819,285.63636272727274,373.79290000000003,48.49505618181818,413.54545454545456,12.79148218181818,1533.8214,11.933765,5.211451363636364,3116.774163636364,19.501813272727272,1.0000000018181818,1.1818181818181819,0.4782608695652174
Squeeezi,Prospect,Fairies,24,13,11,Squeeezi,4,25.0,408.5,366.64944,54.942463,612.0,7.763838,1541.6937,15.747553,4.2773743,3092.6538,21.478,1.0,0.5,0.5416666666666666
Jolt,Elite,Krakens,24,9,15,Jolt,6,35.294117,326.83334,471.86313,48.86595,524.5,12.580722,1644.068,19.369406,4.0336905,2990.4535999999994,23.422167,0.8333333,0.33333334,0.375
MrToastyy99,Veteran,Dogfight,22,13,9,MrToastyy99,12,33.0526335,390.5,346.419185,60.7346195,478.16667,6.93046765,1527.31915,12.1698875,7.1021405,3197.5022000000004,20.952520500000002,0.41666666999999996,0.58333332,0.5909090909090909
nelz,Master,Helicoprions,24,16,8,nelz,17,28.1982744117647,406.5882329411765,371.5335935294118,55.19234976470589,561.2352941176471,8.300138647058825,1529.4938411764706,16.082234176470585,6.192877588235294,2771.6995294117646,24.527013882352943,1.000000017647059,1.7058823235294118,0.6666666666666666
LoneDrifter.,Prospect,Diamondback,24,13,11,LoneDrifter.,4,42.857143,428.5,368.23282,47.94889,491.0,11.219094,1494.5955,11.68279,3.4083512,2907.647,20.425037,0.75,1.0,0.5416666666666666
zl Mango lz,Prospect,Tomcats,21,10,11,zl Mango lz,7,29.166666,362.2857,384.63586,55.47599,603.0,10.367747,1500.6471,15.483367,4.2259755,2742.5678999999996,21.961716,1.0,0.71428573,0.47619047619047616
StephM2_,Contender,Cheese Pizza,24,13,11,StephM2_,12,30.12820675,294.16667,429.45509666666675,52.88589475,640.7499916666667,11.703735666666667,1614.7009416666667,15.992417583333333,2.6944532916666666,3240.7128749999997,23.016553,1.5833332916666667,1.0000000091666665,0.5416666666666666
Ai0n,Elite,Tiny Terrors,23,10,13,Ai0n,10,28.2051284,306.5,358.21270799999996,51.78905900000001,552.19998,8.1487897,1592.6274400000002,16.4860348,4.710763559999999,3167.54084,23.5637416,1.50000004,0.79999998,0.43478260869565216
JKEO01,Prospect,Blacktips,22,13,9,JKEO01,3,50.000004,300.33334,436.8851,52.461994,548.3333,13.459649,1476.6140000000003,11.917899,3.3621813999999994,2738.0483,21.300093,0.6666667,0.6666667,0.5909090909090909
redwizard2you,Elite,Tiny Terrors,19,10,9,redwizard2you,13,34.23077046153846,442.76922692307687,416.02722,49.45542392307693,477.0769192307692,11.053499153846154,1539.6491999999998,14.277951307692307,5.9515696,2798.1700153846155,23.366294615384618,1.0769230692307692,1.3076923153846154,0.5263157894736842
13,Veteran,Dogfight,24,13,11,13,9,23.076925,365.66666,395.13116,51.55279,565.55554,12.054912,1562.245,12.233481,3.9860029999999997,3180.2898,24.796673,1.0,0.8888889,0.5416666666666666
taLz.,Master,Imperatores,23,15,8,taLz.,10,24.7058819,285.10000099999996,410.09342,47.761143499999996,666.4000199999999,13.3673035,1555.7621199999999,15.244459,4.844206789999999,2886.19668,24.7892319,1.100000052,1.200000009,0.6521739130434783
Piky Life88,Amateur,Surprise,24,11,13,Piky Life88,44,30.72878077272727,347.11364068181814,279.5260711363636,50.470073568181824,467.61363590909093,7.344170175000001,1375.1782636363635,8.48924009090909,2.175650475,3327.242972727273,20.21361418181818,1.6136363413636365,0.818181820909091,0.4583333333333333
Choco,Veteran,Gorillas,20,18,2,Choco,12,33.333336,416.66667,361.69487,47.164840500000004,473.91664999999995,11.762217999999999,1562.5383000000002,15.088848,4.80879825,3181.6633,19.8011315,1.00000005,1.4166666999999997,0.9
Izumi._._.,Contender,Nebulae,23,10,13,IzumI._._.,10,39.999999200000005,405.200004,325.24347,52.68704219999999,286.0,9.9729511,1417.4127,9.033141599999999,2.8276216599999997,3143.1943,15.737874599999998,0.60000002,1.3,0.43478260869565216
ohayo-gosaimas,Contender,Jellyfish,24,13,11,ohayo-gosaimas,3,100.0,484.33333999999996,473.762,50.944107,453.66666000000004,11.732245,1474.2726,10.142144,2.8853483,2663.6814,21.159748,0.6666667,0.6666667,0.5416666666666666
Panda,Challenger,Gold Hoarders,24,16,8,Panda,6,33.333332,392.33333999999996,388.95245,49.583035,649.3333,9.958569,1513.7560999999998,11.365575999999999,2.634828,3073.1875,21.793809999999997,1.0,1.3333334,0.6666666666666666
No Mechs. HELP,Contender,Rollers,20,14,6,No Mechs. HELP,14,24.013606000000006,341.3571471428572,376.652265,52.339389642857135,549.0000014285714,10.165572999999998,1454.0617071428571,10.564690357142856,4.183817542857143,3080.516135714286,21.078705071428573,0.6428571585714284,0.7857142728571429,0.7
ROCK_Sause,Elite,Pixel Picassos,20,7,13,Rock_Sause,7,38.09524,393.14285,387.86075,46.046562,488.2857,12.969672,1557.2630000000001,14.78607,5.1188755,2804.2615,21.681833,1.4285715,1.2857143,0.35
Sloth,Amateur,Bombers,24,11,13,Sloth,14,56.103896,334.7142857142857,281.2769785714286,53.55436257142857,390.14285714285717,7.142444614285714,1368.3611428571428,6.851023857142857,1.992591242857143,2732.2826571428573,22.765686,0.9285714285714286,0.6428571428571429,0.4583333333333333
AcX,Master,Care Bears,20,8,12,AcX,8,31.666666,363.25,447.32383500000003,51.5639435,525.125,11.044936499999999,1603.0779,17.884381500000003,5.849768900000001,2760.9155499999997,16.1131305,0.875,1.625,0.4
Chadley,Master,Air Buds,20,14,6,Chadley,11,28.48485018181818,351.99999545454546,471.59494,52.00067454545455,739.2727090909092,12.496255818181817,1647.9305363636363,21.666126818181816,4.350573090909091,3019.388045454545,24.36754854545455,1.8181818181818181,0.6363636372727273,0.7
heyy_17,Challenger,Warbirds,23,17,6,heyy_17,12,25.96153925,294.2499916666667,385.05440833333336,52.3929475,436.0000041666667,7.638766983333333,1496.4800083333332,13.63067025,2.901421333333333,3054.089375,21.787207,1.0833333416666666,1.2500000416666668,0.7391304347826086
Pillow,Master,Andromeda,23,17,6,Pillow,4,30.0,357.75,404.60794,44.51771,430.25,15.766086,1566.6531,14.86553,4.4244833,3095.739,24.096563,1.25,1.5,0.7391304347826086
GFC-RAIDER,Prospect,River Wolves,24,13,11,GFC-RAIDER,4,41.666668,448.5,376.86813,37.44916,522.0,18.228708,1467.807,9.189866,2.4343014,2654.7761,20.730564,0.75,2.0,0.5416666666666666
thenetkiller27,Contender,Abyss,19,7,12,Thenetkiller27,18,48.35390916666667,456.1666666666667,340.04953333333333,48.00925,294.1111111111111,13.141153555555555,1419.2318055555556,8.776145166666668,3.2134086388888887,3008.3439444444443,18.927785333333333,0.3888888888888889,1.0555555555555556,0.3684210526315789
oofitsfine,Contender,Rollers,24,17,7,oofitsfine,19,31.526733052631577,334.3684205263158,370.14204210526316,55.533151842105255,509.10526947368425,8.375117736842105,1521.7548842105261,12.056333052631578,2.5532447,3121.1911315789475,21.75437610526316,1.4736842210526315,0.8947368363157896,0.7083333333333334
Korrello,Contender,Whiff Shots,21,9,12,Korrello,18,34.285715833333335,345.38888666666674,318.24983499999996,51.52591866666667,392.8888866666667,8.316064,1432.0108,9.044773166666667,3.4185327500000002,3190.6275333333338,18.791924666666667,0.5000000199999999,1.500000023333333,0.42857142857142855
bayylock,Rival,Tax Evaders,24,10,14,bayylock,3,0.0,317.66666,450.6805,46.158916,699.6667000000001,17.675993,1599.5343,17.91519,2.8457036,3039.5288,25.32552,1.0,2.0,0.4166666666666667
Calster,Master,Olympic Knights,20,11,9,Calster,20,31.481482,408.35,382.58063,47.754177,467.1,11.643197,1538.9177,13.91076,6.2097135,2826.7117,18.762299,1.1,1.1,0.55
IrisReasoning,Contender,Eladrin,24,14,10,IrisReasoning,7,43.296702857142854,477.2857142857143,346.1553714285714,48.656896,413.71428857142854,8.900439142857142,1435.5971000000002,12.123718857142858,2.6701651714285717,2964.248085714286,18.011195285714287,0.14285714285714285,1.0000000142857142,0.5833333333333334
Surge85,Rival,Nightfall,23,11,12,Surge85,3,27.272725999999995,373.66666000000004,283.5832,51.85157,478.66666000000004,6.009733999999999,1502.1495000000002,7.110623399999999,4.3686614,3120.855,20.230955,0.6666667,1.6666666,0.4782608695652174
Thunderbolt,Challenger,Scarabs,24,7,17,Thunderbolt,4,41.666668,367.5,320.99863,45.59034,408.25,9.037644,1424.9583,10.127909,3.6614377,2971.0752,22.326649,0.5,1.0,0.2916666666666667
DeeJayZ_,Prospect,Tanuki,20,13,7,DeeJayZ_,25,38.333331199999996,384.4,329.65026400000005,54.476645600000005,462.6,5.214806940000001,1482.4921199999999,9.945071800000001,3.6040514999999997,2923.7547400000003,19.3055238,0.88,1.04,0.65
VoodooMamaJuju,Prospect,Principales,21,14,7,VoodooMamaJuJu,83,29.39380327710844,327.12048289156627,325.3184257831325,50.03973062650603,469.4457909638554,7.913847621686747,1455.0544481927711,10.608957530120483,3.5611279409638557,2975.216604819277,19.963167108433733,1.34939761686747,0.6987951778313253,0.6666666666666666
AhmedSa-,Elite,Tiny Terrors,20,10,10,AhmedSa-,6,15.384616,253.0,430.5007,54.98108,708.0,11.594299,1660.8679,24.330915,8.234359,2898.6465000000003,26.059128,1.6666666,0.33333334,0.5
Fujin Rikow.,Veteran,Supernova,21,12,9,Fujin Rikow.,2,0.0,321.0,472.3926,52.428524,496.0,12.084321,1597.5072,19.836405,6.199375,2779.3887,17.064575,1.5,1.5,0.5714285714285714
StorchBurn,Veteran,Makos,22,13,9,StorchBurn,14,36.53061485714286,310.35714,442.44000500000004,49.59906464285715,612.4285642857143,11.119777142857142,1552.6628142857141,18.39634492857143,5.751121542857143,2940.7949357142857,21.66867857142857,1.9285714285714286,0.7857142999999999,0.5909090909090909
Tropicalshortsba,Veteran,Giant Squids,24,10,14,Tropicalshortsba,9,40.0,389.8889,411.46075,55.08997,413.77777,8.396689,1513.0,15.705835,4.1613107,2887.1443,15.0201025,0.8888889,0.8888889,0.4166666666666667
Darf01,Master,Nue,24,10,14,Darf01,8,22.527472,325.375,398.94039999999995,46.613918,595.5,13.923141000000001,1519.4274,13.7853195,5.30821865,2771.2906000000003,23.1501635,0.875,1.0,0.4166666666666667
Colinn,Elite,Commanders,18,9,9,Colinn,36,31.578945,375.8611,459.294,50.213364,624.5278,10.239417,1685.5844,24.335394,4.4894204,3014.2075,20.319628,1.5277778,0.8611111,0.5
Jonezy,Veteran,Makos,24,13,11,Jonezy,4,11.111111,257.25,371.71704,53.46181,724.75,6.4534383,1510.1218,11.807753,2.6368551,2831.3752,22.9056,1.0,1.0,0.5416666666666666
nickm,Elite,Raptors,23,9,14,nickm,4,0.0,277.5,408.11743,43.530872,430.25,16.116714,1501.6348,10.827871,4.042102,2925.1477,22.669386,1.0,2.0,0.391304347826087
grand.slamdalf,Prospect,Aetherborn,22,16,6,grand.slamdalf,6,50.000004,336.0,281.62158,59.63655500000001,393.33333999999996,3.1600939999999995,1447.1287,8.112237,2.9308397999999998,3226.4695000000006,16.037235,1.1666666,0.8333333,0.7272727272727273
virchowtriad,Contender,Mustangs,20,14,6,virchowtriad,11,35.92286527272727,428.1818218181818,380.7651290909091,53.10490581818181,301.90908545454545,15.608807272727274,1431.1969727272729,8.465499836363636,2.0194324636363636,3175.8295,15.021583090909088,0.5454545290909091,1.4545454545454546,0.7
Animosity,Prospect,Merchants,20,14,6,Animosity,10,37.573527999999996,430.199996,361.41087,47.8898468,515.500004,11.0816104,1530.34708,9.9170918,4.118649,2961.91728,21.530830400000003,0.600000004,1.0,0.7
flossy,Elite,Pixel Picassos,24,9,15,flossy,7,15.384617,321.2857,341.0455,51.452003,606.2857,8.396249,1439.5144,9.400205,4.5684943,3062.2517,22.401052,1.7142857,1.8571428,0.375
Squatch .,Veteran,Sons of Ares,21,8,13,Squatch .,3,16.666668,316.0,409.98523,52.006363,767.0,7.385416500000001,1582.8090999999997,15.011118000000002,6.475728,2929.5251000000003,20.67716,2.0,1.0,0.38095238095238093
Wash3y,Prospect,Earth,22,11,11,Wash3y,4,12.5,339.75,430.97394,52.23655,617.5,12.467606,1565.607,15.031722,5.0256953,3032.4612,23.714876,2.5,0.75,0.5
Savant Cyclops,Amateur,Stick Bugs,19,12,7,Savant Cyclops,46,46.800989565217385,375.7826147826087,444.33699869565214,42.82701436956522,475.28261869565216,20.353285391304347,1474.4936326086956,11.572837152173916,2.1703003719565217,2649.4964630434783,22.85100447826087,0.4782608765217391,0.8478260739130434,0.631578947368421
C-Loupe,Master,Battle Masters,20,12,8,C-Loupe,8,32.564103,464.625,476.64563,48.841373000000004,618.875,16.8285585,1622.79635,19.534666,4.4957624,3105.1443,23.219973500000002,1.125,0.875,0.6
Minty Moonifer,Master,Nue,24,10,14,Minty Moonifer,8,21.634615,340.0,374.03665,43.071142,564.375,14.240586,1511.77855,11.812355499999999,6.5636146,2912.5946,24.163331499999998,1.375,1.0,0.4166666666666667
Larkspur,Prospect,Piranhas,23,10,13,Larkspur,4,14.285714,252.75,389.23108,39.509174,383.75,19.75989,1454.1693,8.295199,3.569599,2825.5698,18.451584,0.5,1.25,0.43478260869565216
yoshawatt,Prospect,Honey Badgers,22,14,8,yoshawatt,9,44.11764666666667,366.66666000000004,375.23874333333333,52.73694533333334,519.7777733333334,9.159487333333333,1509.4086333333335,13.6485945,2.5821828666666664,3004.8484333333336,19.060081,0.8888888666666667,1.2222222,0.6363636363636364
QuaviusProd,Contender,Whiff Shots,21,9,12,QuaviusProd,15,38.10457506666667,396.93333133333334,385.5449366666666,51.64459553333333,472.1333413333333,11.395833866666667,1412.7891333333332,9.036085866666667,3.65229134,3109.4635266666664,18.413867866666667,1.06666668,1.133333334,0.42857142857142855
Ryzor,Amateur,Garlic Knots,23,16,7,Ryzor,4,11.111111,329.25,456.36734,46.157455,457.5,15.260343,1623.1205,18.666773,3.3449337,3397.1863,19.089563,1.75,0.75,0.6956521739130435
Swanny2.0,Challenger,Shade,23,10,13,Swanny2.0,12,16.13247966666667,311.416675,370.1774541666667,51.568482499999995,433.91666000000004,11.963163375,1458.0724333333335,11.765179416666667,6.107634441666666,2984.6967499999996,17.1327075,0.8333333416666666,0.6666666833333332,0.43478260869565216
Kaisaroh,Master,Care Bears,20,11,9,Kaisaroh,8,30.672268499999998,361.75,372.279405,46.791039,458.5,10.719486,1519.46025,12.078041,5.1128198000000005,3065.9690499999997,19.724818,2.0,1.625,0.55
Navik,Master,Diplomats,24,11,13,Navik,31,29.57165806451613,312.8386993548387,459.53429774193546,47.264815161290315,804.1935516129031,12.016509580645161,1608.8392032258064,16.672223903225806,4.925428119354839,2914.5319290322577,24.522197612903227,1.6451613741935485,1.3870967677419357,0.4583333333333333
Chicken,Veteran,Werewolves,23,9,14,Chicken,51,22.25490176470588,366.8627382352941,331.9888888235294,46.98770929411764,574.1764529411764,9.265896647058824,1422.7184588235295,8.279289835294117,4.458015776470589,2943.55225882353,22.897988764705882,0.921568637647059,1.1764706411764705,0.391304347826087
Xcalibur9659,Prospect,Blacksmiths,21,10,11,Xcalibur9659,11,35.19813745454546,267.54545818181816,309.1920090909091,56.99406409090909,430.5454472727273,5.638049799999999,1450.7902000000001,7.948243618181819,3.8875949818181823,2894.253118181818,17.91844872727273,1.5454545000000002,0.9090909454545454,0.47619047619047616
Jackowanou,Elite,Wheelchairs,20,14,6,Jackowanou,4,62.5,355.5,353.52353,48.06204,412.5,7.7955027,1447.5784,5.893318,5.7544427,2846.3901,19.875116,1.25,1.0,0.7
M1ke1sMy1ke,Rival,FA,22,13,9,M1ke1sMy1ke,15,39.13044,283.4,382.75674,44.381805,530.06665,9.909648,1471.7633,13.412914,3.1667778,2871.5784,20.084787,0.93333334,1.4,0.5909090909090909
Jnx-me,Veteran,Dragonborn,22,11,11,Jnx-me,8,24.404761999999998,347.999995,466.1781575,48.4422225,745.0,16.18317875,1588.640525,20.62699925,5.162686949999999,3011.139,23.38670475,0.9999999500000001,0.625000025,0.5
Primed,Prospect,Principales,17,12,5,Primed,81,37.96956780246914,348.80246345679006,320.9770534567901,44.38069120987654,489.6419783950617,12.621739209876543,1404.6556987654321,6.602323519753087,3.4788304395061727,2892.1138333333333,20.935134938271606,0.6419753206172839,0.901234578148148,0.7058823529411765
Scotti,Elite,Gelato,20,14,6,scotti,4,43.75,482.5,392.95685,46.52368,581.25,16.112492,1537.4957,15.334778,6.6908984,3113.4558,19.477964,1.0,2.0,0.7
trock,Veteran,Mages,21,11,10,trock,27,30.90908933333333,341.18516666666665,407.30915666666664,46.88336555555556,559.4815199999999,13.289074222222222,1539.0286555555558,16.270466000000003,4.206288333333333,2860.152066666666,22.72867033333333,1.8148148000000002,1.5185184444444444,0.5238095238095238
snugcore,Master,Eastern Brown,21,8,13,snugcore,4,40.0,469.5,422.82742,50.458614,558.75,10.569253,1523.2473,15.121034,6.0507536,2877.6272,22.522623,0.5,0.5,0.38095238095238093
huday,Elite,Kings,24,12,12,huday,4,55.555557,379.5,400.96506,50.588406,583.5,14.982221,1566.8339,14.280617,6.7373705,2920.2053,23.216475,1.0,0.5,0.5
lone wolf,Prospect,Tanuki,20,13,7,lone wolf,27,22.516166111111108,345.1111125925926,280.3651666666667,52.71313259259259,426.6666648148148,6.207110377777777,1410.1455111111109,7.386225444444444,2.673160351851852,3065.9637740740736,22.066096481481484,0.592592592962963,0.9259259262962963,0.65
ASAPxLEG,Amateur,Dik-diks,24,13,11,ASAPxLEG,22,34.199133636363634,282.59090909090907,333.58333636363636,55.33271145454546,488.27272727272725,10.405942272727271,1451.9151272727272,11.644456818181817,2.432536518181818,3331.8727727272726,19.856618,1.0454545454545454,1.0454545454545454,0.5416666666666666
Danub,Rival,Wind,23,11,12,Danub,3,8.333334,351.0,429.2575,53.407444,379.66666000000004,11.523009,1529.753,14.197358,4.0849357,2747.6335,19.915136,1.0,1.3333334,0.4782608695652174
xr.,Prospect,Blacktips,23,14,9,xr.,5,35.29412,376.0,376.89938,50.185238,695.6,11.990346,1539.5157,11.443018,4.0695386,2617.4792,24.653404,1.2,1.0,0.6086956521739131
Ditto -_-,Prospect,Tomcats,23,9,14,Ditto -_-,9,21.475257666666668,309.6666755555555,292.15821666666665,54.87203044444444,368.55555,7.721456333333334,1504.7743111111113,12.275607888888889,3.689623444444445,3024.791888888889,19.757207444444443,1.5555554999999999,0.8888888888888888,0.391304347826087
JonathanVanDyk,Prospect,Turbulence,22,10,12,JonathanVanDyk,5,13.333333,259.8,387.6224,47.567253,359.6,13.83399,1457.8954,10.9578,3.510834,2948.3787,18.067379,0.4,0.6,0.45454545454545453
P0lyph3m0us,Contender,Eladrin,20,11,9,P0lyph3m0us,8,26.746325374999998,396.375,404.05083749999994,48.54977525,345.125,15.586363500000001,1491.720225,13.899591125,4.358676624999999,2843.386675,18.308605125,0.8750000124999999,1.1250000249999998,0.55
Meloaw,Master,Air Buds,20,12,8,Meloaw,4,25.0,348.0,433.7236,44.706875,635.25,19.89712,1543.69,16.943668,7.265565,2632.5706,19.757013,1.75,0.75,0.6
MZFdoom,Elite,Fire,22,5,17,MZFdoom,3,0.0,234.33333000000002,396.64252000000005,52.32519,548.3333,8.741807,1521.3138,15.153055,2.3779411,2671.0347,18.835138,0.33333334,0.33333334,0.22727272727272727
ienvy murph,Amateur,Ball Chasers,24,10,14,IenVy murph,14,28.8095255,292.357145,317.42469857142856,52.09618342857143,499.85714285714283,12.486759928571429,1423.7521642857143,8.212809942857143,4.110647721428571,2837.1270071428567,23.824485214285716,0.28571429642857143,0.7857142935714284,0.4166666666666667
daddybobgaming,Contender,Wobbegongs,24,16,8,DaddyBobGaming,16,34.6527783125,270.56249375000004,410.964114375,50.405684,515.50000625,8.62976025,1509.97265625,12.4397631875,2.3814565437499997,3269.701425,19.583820000000003,1.125000005625,1.187500006875,0.6666666666666666
Trickter02,Master,Blackbirds,20,10,10,Trickter02,4,25.0,362.0,449.7649,50.700115,604.25,13.392053,1558.4252,16.206978,7.1298327,2878.5034,19.210712,1.5,2.0,0.5
The-JDViirus,Veteran,Drunken Dwarfs,20,16,4,The-JDViirus,3,55.555553,396.33333999999996,410.7328,52.47825600000001,472.0,15.353211,1508.4874,13.119166,6.662969999999999,2853.8303,19.516449,0.6666667,0.6666667,0.8
Drippin_Ice1,Prospect,Okapis,23,6,17,Drippin_Ice1,16,32.2916665,259.4375,347.547616875,55.1462441875,434.06250312500003,8.010331143750001,1547.2871375,12.455112375,3.1982734875,3060.102675,19.5794648125,0.7500000124999999,0.500000000625,0.2608695652173913
Keso-_-_-,Contender,Kodiak Bears,20,15,5,Keso-_-_-,7,22.222223000000003,279.57144,418.01105,48.54141599999999,575.0,17.026636,1506.8259999999998,10.101861,3.567324,3056.8923,19.181808,0.2857143,0.85714287,0.75
n00bpr0n,Contender,Squeaky Bandits,24,6,18,n00bpr0n,9,32.07642088888889,391.0,279.87048333333337,51.701373555555556,369.77777777777777,6.612814444444444,1435.8840777777777,7.797580111111112,3.0418766222222224,2963.938355555556,19.820993333333334,0.5555555555555556,0.6666666666666666,0.25
ImSouperGreat,Master,Helicoprions,24,16,8,ImSouperGreat,14,27.125850428571425,283.5,408.91328571428573,54.55720885714285,579.4285857142858,7.9444731428571425,1584.9885714285717,17.887711142857146,6.7742344999999995,3118.3867571428573,22.683783142857145,1.1428571714285714,1.0714285714285714,0.6666666666666666
Jammin,Elite,FA,20,7,13,Jammin,8,14.814815,430.75,418.76593,50.368618,738.5,9.970708,1596.872,16.08432,6.6051025,2774.1292,21.14494,1.75,1.0,0.35
swway.,Amateur,Garlic Knots,18,14,4,swway.,2,66.666664,442.5,300.03946,51.348396,270.5,15.767347,1474.1047,12.041043,2.712912,3361.498,23.133242,0.0,1.0,0.7777777777777778
The_Cletus,Prospect,Dark Matter,23,10,13,The_Cletus,3,0.0,186.0,382.87576000000007,49.668907,504.33333999999996,12.28609,1611.8075,17.853378,4.40197,3278.9868,22.388245,1.3333334,1.3333334,0.43478260869565216
Agios MaIakas,Challenger,Dustwalkers,23,9,14,Agios MaIakas,6,41.17647,388.16666000000004,344.90704,56.80621299999999,386.83333999999996,6.5383573,1408.0293,11.108793,4.1110363,3071.6611,18.369734,1.5,0.6666667,0.391304347826087
AlphaChuck,Elite,Teddy Bears,20,13,7,AlphaChuck,3,25.000002,257.66666,364.2095299999999,55.35553000000001,579.0,4.839102,1510.7764,12.039764999999997,6.2207985,3097.6633,20.17988,0.0,1.0,0.65
.S,Elite,Legati,23,7,16,.S,7,36.842106,447.2857,317.4352400000001,50.52884,556.8571,9.043491,1427.2369999999999,7.958580500000001,5.978597,2981.6492,19.840574,0.5714286,0.85714287,0.30434782608695654
Wavy,Veteran,Werewolves,23,9,14,Wavy,45,30.725489600000003,347.35554933333333,412.6736506666666,48.36016133333332,571.1110973333333,11.451323933333333,1497.8147066666668,11.707697933333334,4.699386033333334,2962.8044999999997,20.594410200000002,1.3555555533333332,0.8222222346666668,0.391304347826087
JoshuaNaoki,Master,Care Bears,19,10,9,JoshuaNaoki,4,38.46154,393.5,378.96176,44.25767,442.75,17.337444,1519.4417,12.042367,4.7578483,3065.0938,19.817858,1.25,2.0,0.5263157894736842
Jmh187-,Rival,Nightfall,20,10,10,Jmh187-,6,23.529415,306.83334,430.67786,45.854256,609.5,15.762863000000001,1466.4160999999997,10.115606,3.5004363,3094.2009999999996,22.40367,0.6666667,1.3333334,0.5
Nitro,Veteran,Mosaic Maestros,17,9,8,Nitro,7,39.285714285714285,392.2857142857143,375.90284,54.581081142857144,477.14285714285717,5.9316534,1562.4291857142857,13.482479,4.126420142857143,3008.988942857143,17.782822714285714,0.8571428857142857,0.4285714428571428,0.5294117647058824
Shraggaholic,Contender,Mustangs,23,14,9,Shraggaholic,9,45.23809666666667,334.55556,339.6152866666667,51.00647133333333,478.33334,7.668584533333334,1409.2161,7.5104571,2.1390085,3107.4197333333336,17.769645333333333,2.5555556,0.8888889,0.6086956521739131
Chaddy,Rival,Barracudas,20,11,9,Chaddy,6,22.222223,429.33333999999996,412.71229999999997,47.03979,481.5,12.539777,1566.3427999999997,13.389816000000001,5.1223664,2699.0066,20.922737,0.5,1.1666666,0.55
Saucy Rexy,Master,Eastern Brown,19,8,11,Saucy Rexy,4,42.857143,443.75,317.94852,53.147537,564.25,11.253081,1467.385,11.369994,3.2829404,2902.9094,21.309242,0.5,0.5,0.42105263157894735
SardonicOx,Prospect,Roly Polies,16,9,7,SardonicOx,6,71.428566,314.66666,291.96753,55.26628,386.33333999999996,8.087099,1350.8846,5.2354503,3.4479144,2944.0715,18.447796,0.0,1.3333334,0.5625
Jake,Veteran,Blackjack,18,7,11,Jake,3,66.66667,409.66666000000004,468.76215,53.28923,595.6667,15.766287,1630.577,19.655703,3.848393,2773.03,23.033182,0.6666667,0.33333334,0.3888888888888889
Ander,Amateur,Surprise,24,11,13,Ander,41,39.990498170731705,320.2926829268293,283.6121387804877,53.26449575609756,483.90243756097567,8.434871660975611,1324.5326658536587,4.092832490243901,2.4067870048780486,3171.9280390243903,22.035263268292685,1.121951200487805,0.829268275609756,0.4583333333333333
spite,Rival,Gaboons,18,10,8,spite,9,40.625,405.33334,364.12875,46.241955,648.3333,11.578158,1538.2047,14.909478,4.3063607,2755.4507,23.298548,1.3333334,1.0,0.5555555555555556
Lad,Veteran,Double Commit,20,8,12,Lad,30,27.1637433,367.53332500000005,342.51158599999997,51.28924400000001,617.866676,8.2456877,1505.5001899999997,13.16887795,4.6368072399999996,3237.27091,24.753389000000002,1.0333334140000001,1.1666667400000001,0.4
Burrito,Veteran,Double Commit,21,8,13,Burrito,14,26.89075642857143,270.71428928571424,319.0184957142857,50.408877142857136,344.57143142857143,8.206849250000001,1481.4108857142855,9.593255642857143,5.21585742857143,3400.124378571428,15.85362857142857,0.35714285714285715,1.2857142571428573,0.38095238095238093
BlueCrimsonJR,Amateur,Garlic Knots,19,9,10,BlueCrimsonJR,15,45.45454573333333,358.93333466666667,429.19027199999994,50.593971266666664,564.2666666666667,11.334920933333333,1486.5627400000003,10.312544599999999,2.426800913333333,3090.274213333333,19.566826199999998,1.5333333333333334,1.1333333333333333,0.47368421052631576
kareemostyle,Veteran,Pushwalkers,20,11,9,kareemostyle,9,32.142857,366.1111,392.6044,46.845554,416.22223,17.548147,1563.9624,14.224062999999997,5.5196195,2953.914,20.398098,0.8888889,0.7777778,0.55
WashedDonk,Veteran,Kirin,21,11,10,WashedDonk,4,22.222221,322.5,346.30368,50.40645,476.75,8.33233,1567.529,13.949027,4.152752,3209.9036,19.592066,1.0,1.5,0.5238095238095238
ABOU ALI,Prospect,Tic Tacs,15,8,7,ABOU ALI,4,17.647058,458.5,371.6046,57.91465,586.5,6.98265,1565.1157,15.459553,5.28853,3043.756,21.661566,1.5,0.75,0.5333333333333333
Frankieeagle,Contender,Nebulae,23,10,13,frankieeagle,8,33.333332999999996,381.0,275.91565,49.065349999999995,313.25,10.3527865,1389.0515,7.37141335,1.71253705,2640.5442000000003,18.345872,0.375,0.75,0.43478260869565216
Wafe,Elite,Pixel Picassos,20,8,12,Wafe,7,20.0,325.7143,439.07144,50.58934,592.2857,12.178372,1502.4541000000002,12.13346,6.5319986,2738.0698,20.506256,1.0,0.5714286,0.4
TheAngryTryhard,Elite,Raptors,23,9,14,TheAngryTryhard,4,25.0,273.0,391.48126,46.86295,437.5,14.147695,1534.8783,13.3206625,3.0146801,3034.8464,19.785477,0.5,1.25,0.391304347826087
exo.$,Prospect,Dark Matter,20,7,13,exo.$,9,30.392156888888888,332.55555555555554,349.97793666666666,52.671752,536.3333333333334,7.400431666666667,1527.2209333333333,14.709024333333332,4.571694311111111,2899.754488888889,24.84924288888889,0.6666666666666666,1.1111111111111112,0.35
ShoddyWolfman,Veteran,Dogfight,20,11,9,ShoddyWolfman,5,27.272728,366.2,334.8655,46.281094,388.4,10.763426,1459.2496,10.785899,4.6089454,3196.172,17.969933,1.2,0.8,0.55
LoonaStarrr,Elite,Menthol,23,7,16,LoonaStarrr,5,33.333332,316.8,350.938,46.832535,507.2,9.085516,1462.2384,9.938035,5.890926,2932.955,21.172146,0.4,1.0,0.30434782608695654
Hawkish,Elite,Basilisks,20,15,5,Hawkish,8,34.615383,337.875,326.9139,51.07876,539.375,6.1398854,1469.164,8.98935,5.008621,2807.0671,26.025488,0.625,0.875,0.75
MoonKnight2,Contender,Zorillas,23,16,7,MoonKnight2,161,30.888971006211182,315.08074621118016,309.97644614906824,52.18414469565217,418.968941863354,7.652508722981366,1419.5849590062107,6.14817210993789,2.397118810559006,3330.6158490683233,19.411515341614905,0.6521739197515528,0.8509316846583852,0.6956521739130435
Moist_Games,Prospect,Card Dealers,22,8,14,Moist_Games,3,25.000002,347.0,371.64052999999996,47.09085000000001,576.3333,15.961635,1408.8899,7.339358,5.7162786,2909.93,21.02861,1.3333334,1.0,0.36363636363636365
Catlas,Veteran,Dragonborn,18,8,10,Catlas,5,40.6060568,394.2,427.489552,49.4795172,479.40000399999997,12.808031199999999,1499.83924,13.698460800000001,3.79988802,2976.2179,20.420424399999998,0.8000000039999999,0.600000004,0.4444444444444444
ETernal FAnaTiC1,Prospect,Piranhas,20,8,12,ETernal FAnaTiC1,6,30.555554666666666,339.3333333333333,383.5414333333333,54.76811,544.5,12.512562333333335,1488.1269666666667,11.394023333333335,4.589476666666666,2955.9443333333334,22.389776333333334,0.6666666666666666,0.3333333333333333,0.4
ZonaHOMI,Prospect,Tomcats,17,8,9,ZonaHOMI,10,40.476194400000004,324.499997,375.969406,59.48743999999999,614.4999700000001,6.93849812,1394.12885,10.114977099999999,3.3238247199999997,2586.82647,21.4390195,0.60000003,0.5000000219999999,0.47058823529411764
D0peyFsh,Contender,Jellyfish,22,12,10,D0peyFsh,3,42.857143,327.33334,346.31893999999994,54.454372,346.33333999999996,9.207317,1445.5234,9.651806,3.3736358,3055.8696,21.833654,0.33333334,1.3333334,0.5454545454545454
MeOnDisplay,Prospect,Honey Badgers,18,11,7,MeOnDisplay,5,22.8571424,302.2,371.3178,54.076140800000005,579.2,7.251476599999999,1457.9544799999999,9.6497216,2.8286922599999995,3005.27776,17.051656400000002,0.6,0.8,0.6111111111111112
Medicmac121,Amateur,Bombers,20,9,11,MedicMac121,19,43.52773421052631,313.05263157894734,453.39888421052626,46.03982857894737,526.1052368421052,18.675333263157896,1477.773194736842,10.964377315789473,2.542645905263158,3153.0428842105266,21.766790157894736,1.0526315789473684,0.6842105526315789,0.45
Sparky ;),Elite,FA,17,7,10,Sparky ;),53,28.406331773584906,387.75471698113205,473.5532975471698,53.03760660377359,701.6981433962264,10.630252792452831,1652.4550452830185,22.692078301886795,5.481095567924529,3120.469652830189,21.80850286792453,1.1320754113207547,1.0566037735849056,0.4117647058823529
Evil Gooby,Elite,Wheelchairs,20,15,5,Evil Gooby,4,0.0,263.25,400.3865,46.684746,335.5,13.66971,1606.9775,16.822233,5.139303,2934.5137,16.235687,0.75,0.5,0.75
S horty,Contender,Helldivers,18,7,11,S horty,4,25.0,382.25,404.52386,49.976578,576.5,10.81896,1515.7363,12.220981,1.5716724,3181.2324,19.500988,0.25,1.25,0.3888888888888889
DadOf5BoyZ,Contender,Caterpillars,20,8,12,DadOf5BoyZ,21,49.36837,402.33333142857146,296.5219852380953,55.43856076190476,441.95238095238096,7.105507371428572,1403.6464571428573,8.649773904761904,3.0757801857142857,3124.7200857142852,17.343363285714283,1.1904762,0.8095238,0.4
ShxdowBat,Prospect,Merchants,19,11,8,ShxdowBat,3,40.000004,366.33333999999996,350.06305,53.123814,435.33333999999996,8.098375,1449.9484,10.500189,4.107892,3364.2837,20.884947,1.0,0.6666667,0.5789473684210527
7aco104,Challenger,Meat Lovers,21,9,12,7aco104,3,50.0,377.33333999999996,381.42337,46.661057,483.0,10.792737,1532.6341999999997,12.443271000000001,4.7896295,2723.2612,22.225235,0.6666667,2.3333333,0.42857142857142855
aWannaBe-_-NERD,Master,Olympic Knights,23,11,12,aWannaBe-_-NERD,28,22.740523714285718,271.32142857142856,505.80861999999996,47.39951914285715,805.1785714285714,14.714307571428572,1679.8963857142858,22.881803285714287,5.5903550428571425,2955.8067428571426,21.359278,1.857142914285714,1.2857142285714287,0.4782608695652174
Smoky.,Prospect,Piranhas,20,8,12,Smoky.,7,23.673470857142856,309.28571142857146,449.70062857142864,56.708113142857144,563.2857114285714,8.922951714285714,1530.827957142857,13.499827,3.083004257142857,3138.9267,20.546891714285714,0.85714286,1.1428571714285714,0.4
parka,Veteran,Fer-de-Lance,21,7,14,parka,9,25.384614,393.33332666666666,413.3062933333333,51.063375666666666,497.44446,11.731940666666667,1524.2841666666666,13.930548333333334,6.4772742,2678.8729,21.91211966666667,0.9999999666666667,0.9999999666666667,0.3333333333333333
savant,Veteran,Giant Squids,16,8,8,Savant,3,8.333334,307.0,416.56653,51.15228,607.6667,12.49315,1531.9442,12.74815,6.343611,2775.9148,27.544952,0.0,0.6666667,0.5
junior1000gsxr,Rival,Demo Chasers,24,13,11,junior1000gsxr,6,20.0,252.66666999999998,426.77737,49.91278,614.6667,16.259584,1548.7806,16.606571,4.333949,2931.333,23.343554,1.3333334,0.5,0.5416666666666666
Synnicall,Rival,Centipedes,20,10,10,Synnicall,3,12.500001,294.66666,353.79184000000004,53.599259999999994,495.66666000000004,6.2728076,1492.2161000000003,12.868622,4.43196,2870.8406,14.593995999999999,0.33333334,0.6666667,0.5
Blitzzzzz.,Prospect,Tic Tacs,20,9,11,Blitzzzzz.,11,49.09090918181818,374.09090181818186,422.2076627272727,51.98569472727272,597.090890909091,6.256017981818181,1467.9171545454547,10.646875636363637,3.6255363636363636,3092.491981818182,18.760638272727274,1.6363636363636365,1.3636364090909092,0.45
Geo,Elite,Hellhounds,20,7,13,Geo,6,16.666668,297.66666,417.65497,47.82102,745.0,13.594427000000001,1552.0134,15.152874000000002,4.9133534,2865.5916,17.924818,1.0,0.5,0.35
Salty Num Num,Contender,Ice,24,9,15,Salty Num Num,7,30.0,261.0,371.9225,51.715004,391.0,7.7171392,1450.3108,11.0969925,1.924809,3122.2412,16.95684,0.85714287,0.71428573,0.375
ShadowLightnin9,Amateur,Gnomes,18,9,9,ShadowLightnin9,4,27.272728,301.0,284.60922,60.364998,348.75,3.8765957,1461.1964,10.497919,2.1681337,3020.9602,18.155706,1.0,0.75,0.5
iargue,Prospect,Gloom,24,6,18,iargue,4,28.571428,268.5,360.01013,42.929398,417.0,13.442516,1494.9429,9.958543,3.5402083,2668.5835,18.848608,0.75,0.5,0.25
Vortex3524,Challenger,Scarabs,16,6,10,Vortex3524,5,60.000004000000004,581.6,302.1208,54.06940999999999,450.4,6.4686365,1399.718,5.5355616,3.8556035,2816.576,22.03579,1.0,0.6,0.375
rinny_b0y,Contender,Helldivers,22,10,12,rinny_b0y,10,30.476192000000005,298.499996,334.341914,55.5103174,355.600004,7.7399640000000005,1475.60068,10.064061599999999,1.67741914,3280.3459799999996,19.452334999999998,0.8000000039999999,0.9999999800000001,0.45454545454545453
GrandPlat,Master,Nightmare,19,8,11,GrandPlat,7,16.666668,273.0,414.33087000000006,44.803177,555.2857,13.151144,1550.0347,15.090806,5.7423205,2810.3958,21.061052,0.2857143,1.4285715,0.42105263157894735
Sohl,Challenger,Lions,18,7,11,Sohl,1,28.571428,530.0,283.0,61.99,659.0,4.231405,1440.0,6.6642566,3.2110984,3099.0,24.068617,0.0,1.0,0.3888888888888889
tokyo.,Premier,Gummy Bears,16,11,5,tokyo.,3,12.500001,434.66666000000004,381.73505,51.473515,1062.3334,8.868391,1470.3011,12.517054,5.707323,2461.6235,22.532106,2.0,2.6666667,0.6875
HannandGrenade,Veteran,Double Commit,18,5,13,HannandGrenade,3,33.333336,425.0,426.074,47.53524000000001,541.0,11.621531499999998,1518.4852,13.516844999999998,5.0463314,3236.6316,19.325525,1.3333334,1.0,0.2777777777777778
Bieles,Prospect,Tanuki,18,12,6,Bieles,25,35.1989768,319.6799968,312.21916960000004,55.974566800000005,435.07998879999997,7.801059303999999,1423.2573519999999,7.43975588,3.615894472,3126.853676,20.04377348,0.5600000279999999,0.7200000276,0.6666666666666666
ShoddyWolfman,Rival,Dogfight,18,11,7,ShoddyWolfman,5,27.272728,366.2,334.8655,46.281094,388.4,10.763426,1459.2496,10.785899,4.6089454,3196.172,17.969933,1.2,0.8,0.6111111111111112
Styk75,Amateur,Dik-diks,18,10,8,Styk75,21,22.706767142857142,282.14286000000004,219.84983285714284,55.893003095238086,320.9047552380952,5.250795428571429,1287.8138571428572,3.9049957714285717,1.821514023809524,3236.753819047619,17.911789142857142,0.5238095285714286,1.0476190619047618,0.5555555555555556
DadMcStuffins,Amateur,Ball Chasers,22,10,12,DadMcStuffins,15,19.5555552,286.93333333333334,487.207788,47.39195006666667,436.53333200000003,26.485238200000005,1502.3423533333334,11.923115333333332,3.0599620466666666,3292.21914,16.110490266666666,0.4666666666666667,0.93333334,0.45454545454545453
Ziffy,Veteran,Fer-de-Lance,21,6,15,Ziffy,9,40.909092,274.0,384.92487,46.92636,552.55554,10.377886,1504.3961,11.47699,4.7878747,2886.988,25.613539,0.22222222,1.2222222,0.2857142857142857
ShyIsEepy,Elite,Legati,17,8,9,ShyIsEepy,55,26.704544,384.27274,389.20074000000005,51.083237,513.8909,10.261255,1529.2985,12.449158,5.453302,2999.2986,19.794477,0.7454545499999999,0.9818182,0.47058823529411764
Treefrog,Prospect,Red Legion,20,12,8,Treefrog,1,0.0,246.0,426.0,54.33,725.0,8.424084,1572.0,12.510855,4.510526,3390.0,21.26786,1.0,0.0,0.6
Makaveli,Veteran,Pump and Dump,18,9,9,Makaveli,3,30.0,369.0,371.39236,47.13441,567.3333,8.688871,1553.9471,16.769867,4.453769,3002.5637,21.572124,0.6666667,1.0,0.5
GET2DACHOPPA5,Prospect,Red Legion,20,11,9,GET2DACHOPPA5,2,60.0,477.5,307.97882,50.06646,582.0,9.513227,1426.3334,9.207451,1.8027643,3021.3281,19.500307,0.5,1.0,0.55
bestpickle,Contender,Gallery Guild,16,9,7,bestpickle,4,42.857143,294.75,297.5864,50.631226,327.75,7.8208222,1369.1884,6.7324395,4.079298,3047.403,18.685122,0.75,1.0,0.5625
doggo,Master,Imperatores,19,12,7,doggo,4,9.090909,273.75,315.6549,53.24353,589.0,5.7812047,1355.9347,9.686121,7.4745636,2830.9185,26.290598,1.25,2.5,0.631578947368421
MysticMax07,Contender,Sirens,21,12,9,MysticMax07,2,0.0,226.0,341.42776,53.942818,437.5,5.2638893,1272.8319,5.100274,1.3566953,2746.6362,19.085217,0.5,1.5,0.5714285714285714
JarrettD.,Master,Nue,18,7,11,JarrettD.,8,18.0555555,284.75,481.130815,48.3593195,604.75,16.275264999999997,1629.04905,18.7735035,4.92234445,3095.09945,21.089917999999997,2.625,1.25,0.3888888888888889
MiniTechniks,Contender,Abyss,16,6,10,MiniTechniks,19,39.73684378947368,411.73684947368423,305.2593,49.3475672631579,420.73684526315793,8.171210578947369,1379.8521947368422,6.134929578947368,2.732524747368421,3072.1655263157895,21.046226736842105,1.2631579052631579,0.8947368473684211,0.375
Ryan,Prospect,Ankle Biters,20,4,16,Ryan,11,11.790634636363636,349.54545454545456,386.5151909090909,52.76926345454546,442.63637272727266,10.278239363636363,1418.1195454545455,12.81917618181818,2.6187833818181816,3236.081654545454,15.409551181818182,1.0909091272727272,1.1818181727272727,0.2
Kflip11,Prospect,Roly Polies,18,10,8,Kflip11,7,60.00000228571429,353.42857142857144,347.19440000000003,52.44269142857142,499.57142285714286,8.471747142857144,1518.102257142857,12.665728999999999,3.8709396285714286,3142.142885714286,21.239831285714285,0.8571428571428571,0.5714285714285714,0.5555555555555556
Gaymer_Jess207,Contender,Mustangs,22,15,7,Gaymer_Jess207,9,20.000002000000002,271.33334,278.27462333333335,49.57637866666667,356.44444333333337,9.079527666666666,1267.0353666666665,5.404001666666667,1.8588830666666665,3306.466766666667,13.502333,1.3333333,1.7777778333333332,0.6818181818181818
KTVerse,Prospect,Dark Matter,16,6,10,KTVerse,7,39.28571371428571,438.28571714285715,409.68579857142856,51.647851142857135,522.7142871428571,11.969853714285716,1515.1179285714284,14.009544428571429,3.533862842857143,2884.7598428571428,21.009981857142858,1.0000000028571427,0.7142857171428572,0.375
timthebigone,Prospect,Prism Proteges,15,9,6,timthebigone,6,28.0,407.66666000000004,306.95114,50.613956,381.83333999999996,7.2457705,1421.2091,8.279591,2.5906293,2932.5784,21.16236,0.33333334,1.6666666,0.6
Carno,Contender,Caterpillars,20,8,12,Carno,14,44.93506514285714,391.2142857142857,317.31486,49.48509285714285,469.92857142857144,7.7230107142857145,1335.9590571428573,6.911235,2.1981609,2989.1124428571425,17.638543428571428,1.3571428571428572,0.5714285714285714,0.4
Kri0s,Master,Olympic Knights,18,8,10,Kri0s,22,37.095088181818184,310.40908545454545,351.6950427272727,47.08321645454546,435.18182454545456,10.149209636363638,1449.2391454545455,13.145571545454546,5.037539518181818,2982.692081818182,17.132973727272727,0.7727272545454547,1.0454546181818183,0.4444444444444444
Zarthon77,Veteran,Middy Meowers,19,12,7,Zarthon77,7,50.0,261.57144,396.42227,52.684635,521.1429,12.719177,1419.5691,8.525728,3.7230186,2921.7163,19.916729,0.2857143,1.4285715,0.631578947368421
Deby,Prospect,Tic Tacs,17,8,9,Deby,13,26.242604615384614,326.6923061538462,298.1341961538461,54.699091769230776,739.9230538461538,3.9450670384615383,1433.3610846153847,8.640428530769231,3.122243138461539,2918.925661538461,24.026438923076924,0.46153847153846156,0.4615384715384615,0.47058823529411764
Theman,Contender,Sirens,21,12,9,Theman,2,16.666666,261.0,336.5484,43.996685,274.5,12.642229,1333.6012,5.5149984,1.9637237,2868.607,22.755209,2.0,2.5,0.5714285714285714
Eskonor.,Prospect,Ankle Biters,21,5,16,Eskonor.,11,18.59193518181818,284.81817454545455,363.0100272727273,52.55218963636364,296.3636290909091,9.84098409090909,1458.6163545454544,11.432003,3.5657918636363632,3226.8864,15.771300818181818,0.7272727354545455,1.3636363999999999,0.23809523809523808
OnContract,Amateur,HR Violation,19,15,4,OnContract,7,39.795918428571426,264.1428542857143,344.82384,49.216817142857145,482.8571285714285,6.419943257142857,1441.8175142857144,9.628681285714284,1.5685299428571429,3328.5113142857144,24.485970714285713,1.1428571428571428,1.142857157142857,0.7894736842105263
CallMeSteveo53,Amateur,Electric Eels,24,11,13,CallMeSteveo53,41,37.147081048780485,228.6097551219512,350.72369463414634,49.968997048780494,482.2682829268293,10.368985512195122,1460.675680487805,8.736590509756098,3.4413129609756097,2899.0829585365855,23.44260141463415,0.9756097809756097,0.9268292492682927,0.4583333333333333
ReaperXD97,Contender,Whiff Shots,17,9,8,ReaperXD97,13,17.948717692307692,273.15384615384613,351.1968776923077,47.80326161538461,446.46153846153845,10.903887192307694,1373.4387692307694,7.454840276923077,3.6094357307692304,3139.0528769230773,20.353224846153847,0.6923077,0.38461539230769226,0.5294117647058824
YERP_YERP02,Contender,Kodiak Bears,19,14,5,YERP_YERP02,15,21.6908216,263.466664,328.3394593333333,45.185879,364.9999946666667,14.4662544,1450.1275799999999,8.704659600000001,2.359340213333333,3187.9140733333334,22.086596,1.2666666999999998,0.6666666726666667,0.7368421052631579
Static,Premier,Cerberus,19,6,13,Static,3,16.666668,378.0,379.0447,45.552788,1124.3334,11.643678,1520.3486,14.607926999999998,6.054559,2359.0818,27.438446,3.0,1.3333334,0.3157894736842105
DQ.,Master,Diplomats,12,10,2,DQ.,19,45.04442778947368,470.57894473684206,430.3463052631579,50.983390842105266,674.3157631578948,11.829985105263159,1566.4521894736843,18.279891684210526,6.0249423421052635,2962.567905263158,23.898732263157896,1.6315789210526317,1.2105263157894737,0.8333333333333334
Rich-Rollin6060G,Amateur,Dik-diks,18,9,9,Rich-Rollin6060G,18,39.16179433333333,306.3333294444444,366.69352055555555,45.51670127777778,401.16665,16.346236277777777,1385.5138555555557,8.637033850000002,2.1523381666666666,2949.69875,19.76270236111111,0.8888889333333334,0.8333333333333334,0.5
Netoven1,Contender,Sirens,16,8,8,Netoven1,4,44.444443,363.0,288.286,57.86259,441.25,5.219686,1433.9707,6.982085,3.048855,2916.595,21.80076,0.25,0.75,0.5
Abeillonnaise,Prospect,Principales,13,11,2,Abeillonnaise,59,32.12217096610169,358.06779813559325,298.4407596610169,51.08606555932204,485.74574745762715,8.901302542372882,1419.3185949152542,7.716456423728814,3.935657193220339,2881.9999338983052,22.495954305084748,0.6949152664406779,0.9661016559322034,0.8461538461538461
TwiztedDad2240,Amateur,Garlic Knots,18,14,4,TwiztedDad2240,2,14.285714,199.0,351.41528,53.94423,440.5,7.5307345,1506.7721,12.48461,0.41650835,3202.045,20.8771,0.0,1.0,0.7777777777777778
Acp_Slackerr,Amateur,Electric Eels,16,8,8,Acp_Slackerr,10,13.636364,264.8,366.22223,60.517880000000005,402.1,9.9068575,1364.6561,7.783651399999999,2.7287908,3047.1885,19.514626,0.4,1.0,0.5
S0UL09,Veteran,Grizzly Bears,16,10,6,S0UL09,12,36.500004,351.666655,274.8958675,52.760805000000005,276.50000500000004,8.973865250000001,1437.532425,7.379826650000001,3.649994025,3048.8953500000002,19.072786249999996,0.58333336,0.916666675,0.625
Demonikgoat4061,Amateur,Stick Bugs,18,10,8,demonikgoat4061,52,41.573036,292.30768,296.95602,47.402214,425.30768,8.905489,1355.9747,7.350617999999999,1.5568581,3263.661,18.990953,1.0576923,1.1346154,0.5555555555555556
KrispyKrunch704,Prospect,Tanuki,14,10,4,KrispyKrunch704,14,47.499996,396.7857,423.74515,46.833748,534.7143,15.246034999999997,1512.8678,11.159914,3.3707798,2922.0916,20.515022,1.1428572,1.2142857,0.7142857142857143
Tonini08,Contender,FA,18,9,9,Tonini08,4,11.111111,233.5,297.23807,51.864376,388.5,5.4789734,1441.898,10.716515,2.111333,2812.3735,22.74957,1.5,0.75,0.5
Ecko,Prospect,Hawaiian Pizza,15,6,9,Ecko,5,33.333332,225.8,426.61199999999997,57.196754,711.0,7.301907,1538.8921,13.235992,3.2532845000000004,2937.708,21.762276,1.0,0.2,0.4
Ole.Mr.Bison.,Prospect,Koala Bears,15,7,8,Ole.Mr.Bison.,3,33.333336,338.66666,300.59296,49.61011,411.66666000000004,8.242368,1413.3534,4.724461,4.748945,2944.1128000000003,20.824154,1.3333334,1.6666666,0.4666666666666667
Tyson_WA,Contender,Squeaky Bandits,16,5,11,Tyson_WA,5,45.454544,359.4,304.80234,47.566544,483.6,9.24679,1443.5165,7.810167300000001,1.1791579,3071.712,20.786516,1.2,0.6,0.3125
robotman321,Veteran,Gorillas,16,13,3,robotman321,5,12.0000012,238.400002,381.50966200000005,45.549184000000004,457.799996,12.865833599999998,1524.8554799999997,13.3132556,4.0753518,3089.12108,20.637206,0.600000004,1.0000000199999999,0.8125
xam_rl,Challenger,Chew Toys,20,14,6,xam_rl,7,33.333336,242.85715,384.31668,51.643234,419.85715,15.3,1532.0789,10.386087,4.051736,2994.9443,20.825773,0.5714286,0.71428573,0.7
iSilently,Contender,Wobbegongs,18,13,5,iSilently,14,16.517857142857142,230.07142785714288,383.35481785714285,49.20361007142857,506.28573571428575,11.74526607142857,1455.2588285714285,9.907399928571428,1.4892202857142856,3234.7056214285717,18.855757357142856,1.4999999642857145,0.42857143214285714,0.7222222222222222
struttrl,Prospect,Gloom,18,5,13,StruttRL,4,75.0,248.75,372.5235,50.897038,448.25,13.251627,1476.3015,10.5423765,3.984647,3177.7998,19.159954,1.0,0.75,0.2777777777777778
IncorrectTerror,Rival,Whisker Goblins,16,5,11,IncorrectTerror,3,50.0,387.33333999999996,469.37152,56.259705,655.6667,11.931471,1614.2488999999998,18.941854,5.2888627,3011.7754,20.844776,1.3333334,1.0,0.3125
Wrecklessjay02,Amateur,Bombers,16,8,8,WrecklessJay02,21,32.426302666666665,319.3809547619048,404.5899219047619,48.17581438095238,316.0952514285714,15.196950714285714,1410.2595142857142,8.650724,2.9273661142857144,3027.710819047619,17.51569780952381,0.7619047523809523,0.7142857276190476,0.5
sXCyBeast,Amateur,Stick Bugs,17,9,8,sXCyBeast,60,36.8,333.23334,332.33817,56.626957,588.38336,6.7058992,1392.2950000000003,8.263511,2.324234,3072.1052,19.860937,1.1333333,0.71666664,0.5294117647058824
Chris.,Prospect,Okapis,18,5,13,Chris.,14,36.81318842857143,277.21427714285716,307.88840714285715,54.846394999999994,522.9285685714286,7.2429146357142855,1424.1826214285716,8.963047285714287,2.4981231857142854,3038.4125857142853,21.604829857142857,0.6428571507142856,0.7857143078571428,0.2777777777777778
HuggingThor,Contender,Nebulae,21,8,13,HuggingThor,9,15.151515555555555,205.77777777777777,403.45015777777775,52.18117044444445,733.4444444444445,8.630771666666668,1475.1870777777779,14.112933333333334,4.788339277777777,2939.733388888889,19.54370422222222,1.5555555555555556,1.2222222222222223,0.38095238095238093
brillo_padd,Prospect,Aetherborn,20,10,10,Brillo_padd,11,44.80519472727272,345.90909090909093,312.11172363636365,54.32075190909091,398.09090909090907,5.387539727272727,1376.516618181818,5.689222999999999,2.2432367363636363,3125.959118181818,20.327586909090908,0.27272727636363636,0.81818182,0.5
TrexReaper,Prospect,Card Dealers,17,7,10,TrexReaper,3,0.0,341.66666000000004,267.25064,59.857918000000005,412.0,4.511278,1392.213,6.850321,2.0799048,3339.4688,17.768272,0.0,0.0,0.4117647058823529
TitanPolus,Challenger,Gloom,19,4,15,TitanPolus,5,0.0,222.8,361.68128,57.176034400000006,517.2,7.8219256999999995,1477.65048,13.729827599999998,4.588106359999999,3106.17328,16.949308600000002,0.6,0.8,0.21052631578947367
SleepyCrimson_,Prospect,Okapis,14,4,10,SleepyCrimson_,4,45.454544,436.25,385.498,49.811466,398.0,8.703209,1544.2921,14.460118,4.7176332,2574.2031,18.501848,0.75,0.5,0.2857142857142857
Sno1w,Elite,Great Whites,12,6,6,Sno1w,18,34.146343,348.3889,330.187,44.391388,405.83334,10.578798,1448.8242,8.825792,5.09221,2904.472,19.359085,0.6111111,0.44444445,0.5
Wildragon112,Prospect,Tic Tacs,17,7,10,Wildragon112,8,30.882352375,313.75001249999997,264.74524999999994,53.74806625,373.12499,4.1810396249999995,1367.9906125,7.012910025,3.3747532249999996,3231.98465,17.165315375000002,0.50000000125,1.6249999375,0.4117647058823529
TweakingOut,Challenger,Chromatic Chaos,16,10,6,TweakingOut,1,0.0,40.0,415.0,50.570004,396.0,10.422156,1390.0,6.8529468,5.4086175,3183.0,11.569869,1.0,2.0,0.625
Grey,Contender,Abyss,17,7,10,Grey,11,32.75058072727273,319.45454545454544,293.7034954545454,56.54490745454545,365.4545490909091,6.232827272727272,1330.9043363636365,5.552524672727273,2.778988590909091,3171.535981818182,18.509478636363635,0.45454543636363637,1.1818181818181819,0.4117647058823529
Bronzetpole,Amateur,Electric Eels,20,7,13,Bronzetpole,10,14.285714000000002,223.0,280.06342,54.099564,375.3,7.57035,1410.7045,8.314434,1.1090163,3269.7107,24.130424,0.8,0.7,0.35
ResetTillBurger,Veteran,Supernova,15,9,6,ResetTillBurger,4,16.666666,431.0,393.7136,48.568935,380.25,15.430225,1550.2279,14.174084,5.02964,2938.2864,19.0983,1.0,0.75,0.6
Rule,Premier,Jokers,14,7,7,Rule,5,20.0,444.4,401.1544,50.49763,944.0,12.23829,1509.8358,12.661264,5.814135,2640.6648,23.474989,2.0,1.4,0.5
LostTempyst,Master,Eastern Brown,16,5,11,LostTempyst,4,20.0,306.75,415.51196,50.295242,481.75,11.49456,1545.4207,12.418205,5.40387,2831.76,22.62027,1.0,2.0,0.3125
Stingray,Elite,Legati,16,6,10,Stingray,8,35.0,397.5,315.60175,57.058235,330.875,5.8488374,1471.3307,12.7981615,4.3005285,3171.82,15.343338,0.5,1.125,0.375
FUU.EGO,Amateur,Gnomes,20,6,14,FUU.EGO,4,12.5,208.5,247.41348,55.051933,322.5,4.6631207,1315.778,7.8065004,1.6714547,3352.244,17.682585,0.25,1.25,0.3
Mr fih.,Contender,Hognose,17,8,9,Mr fih.,3,20.000002,343.66666000000004,419.4976199999999,48.423725,569.6667,11.668874,1489.9102,14.50258,3.5993063,3070.3699,18.57006,0.33333334,1.0,0.47058823529411764
Fl1ppah,Master,Imperatores,13,8,5,Fl1ppah,4,33.333332,342.75,394.66962,48.252377,540.25,14.124817,1501.6079,12.671749,6.0978794,2592.7458,24.522799,1.25,1.75,0.6153846153846154
bbfreshxi,Veteran,Mosaic Maestros,13,6,7,bbfreshxi,10,29.2307684,438.8,414.51466199999993,50.8027558,423.3,8.41775908,1498.4963,10.2735256,4.76233352,2883.1344799999997,19.3602438,0.700000004,0.99999996,0.46153846153846156
Monty.,Veteran,Mages,16,6,10,Monty.,6,33.333336,356.5,396.39169999999996,55.263973,590.6667,8.085482,1564.1058,16.527315,5.4731727,3149.9597,18.073465,0.6666667,1.0,0.375
Gmoney,Prospect,Merchants,19,12,7,Gmoney,11,25.000000545454544,255.9090909090909,323.7518872727273,50.2960860909091,464.7272636363636,7.610705181818182,1393.677318181818,6.6495398,4.141449072727273,3175.1707090909094,19.623644,0.7272727290909091,0.6363636363636364,0.631578947368421
xEaglex20x,Prospect,Earth,20,8,12,xEaglex20X,4,28.571428,179.0,376.50845,54.83818,525.5,5.6894364,1453.0944,10.860437,1.7361948,3453.4114,20.354753,1.0,0.25,0.4
Crabasaur,Elite,Legati,13,4,9,Crabasaur,7,29.166666,399.0,371.93076,49.654,521.0,14.555003,1546.6508,12.242923,5.8106427,2995.9268,20.020288,0.42857143,0.42857143,0.3076923076923077
chulainn,Prospect,Earth,14,6,8,Chulainn,4,27.272728,338.0,313.76126,49.228775,332.25,7.1887326,1396.2556,6.319953,1.8216038,2926.1584,17.503977,0.0,1.0,0.42857142857142855
chawes.,Elite,Raptors,15,2,13,chawes.,4,20.0,295.75,464.62393,44.561245,808.75,15.167868,1520.6959,14.392126,4.003558,2802.6182,27.262669,2.5,0.5,0.13333333333333333
holytrstn,Prospect,Principales,13,9,4,holytrstn,38,35.09875242105263,360.9473681578947,372.9802476315789,55.262255473684206,460.6052557894737,12.644722657894738,1520.443305263158,11.325338736842104,4.235668650000001,2908.8967315789473,20.565966315789474,0.5526315657894737,0.6842105581578947,0.6923076923076923
Golden2681,Contender,FA,17,6,11,Golden2681,7,37.5,272.2857,300.21216,49.482132,311.7143,10.059528,1380.4131,7.8227205,1.8425543,3153.1035,15.845742,0.42857143,1.0,0.35294117647058826
Afino,Veteran,Grizzly Bears,16,9,7,Afino,16,13.78676625,264.6875,375.93745,49.8242625,527.5000156250001,10.582118,1546.9254374999998,10.844943875000002,3.34863095625,3105.0890624999997,23.9244891875,1.8124999375000002,0.93750003125,0.5625
nacho_nachos2,Amateur,Stick Bugs,18,8,10,nacho_nachos2,61,48.18182,284.37703999999997,303.1007,47.353657,374.40985,10.010561,1388.3357,6.054751000000001,1.9783893,3052.8872,19.955374,0.59016395,0.91803277,0.4444444444444444
KittyMeowMeow360,Prospect,River Wolves,16,9,7,KittyMeowMeow360,7,67.85714371428571,263.8571414285714,420.31493571428575,46.05148285714285,434.85715714285715,12.894034999999999,1469.6670714285715,11.116693999999999,3.243386185714286,3073.1893714285716,17.730653142857143,1.0,0.42857142857142855,0.5625
Sebulba.rl,Contender,Rollers,15,12,3,sebulba.rl,4,42.857143,282.75,332.91013,51.07002,370.0,9.091216,1504.6743,12.960591,2.6020658,3235.1904,17.454079,0.75,1.0,0.8
Spare4dagreen,Contender,Gallery Guild,17,10,7,Spare4daGreen,10,34.358972200000004,311.100004,329.01501399999995,51.7095628,306.800004,12.811933999999999,1529.35506,11.2212642,4.96949914,2908.57332,19.3765854,0.6999999800000001,0.6999999800000001,0.5882352941176471
xswanniG,Elite,Kirin,15,8,7,xSwanniG,4,25.0,321.5,444.08215,50.021523,446.25,10.198945,1560.5607,17.337563,2.9376192,2804.6096,18.9897,0.5,1.0,0.5333333333333333
Shogun,Prospect,Card Dealers,14,6,8,Shogun,4,18.181818,279.5,378.5499,57.066967,597.5,7.08886,1469.1674,11.339354,2.6870148,3472.2195,20.378126,1.25,0.5,0.42857142857142855
Zachthebull36,Prospect,Blacktips,17,10,7,Zachthebull36,11,30.303028909090912,279.90909454545454,311.80237727272726,53.12472863636364,441.1818218181818,8.308097818181817,1337.066081818182,5.509375036363637,3.325136954545454,2974.455981818182,22.16004672727273,0.7272727272727273,2.0000000181818183,0.5882352941176471
Jaybeauh,Veteran,Water,14,3,11,Jaybeauh,9,26.086958,375.1111,394.95984,45.669235,450.1111,9.990939,1462.3737,10.890194,5.0842457,2915.6875,19.24949,0.7777778,0.7777778,0.21428571428571427
Terx,Veteran,Werewolves,17,7,10,Terx,39,25.04442646153846,312.1538523076923,397.78642769230765,47.175649538461535,485.2051430769231,13.105008846153847,1502.2869615384614,10.083409153846153,4.390259615384616,2933.8504153846156,21.013675,0.9999999846153848,0.7692307692307693,0.4117647058823529
Bolbi,Elite,FA,13,8,5,Bolbi,56,28.37838,377.73215,351.6522,50.233326,478.7143,9.0706215,1463.5559,11.464219,4.8446,2897.212,19.851028000000003,1.375,1.0892857,0.6153846153846154
Heimfari,Contender,Squeaky Bandits,17,5,12,Heimfari,9,47.47474666666667,285.0,308.4991666666667,43.868593888888896,487.3333333333333,10.033011333333333,1396.6047888888888,7.012438388888889,2.015046777777778,3309.144666666666,20.37937377777778,1.0,1.0,0.29411764705882354
Lup,Master,Reapers,14,2,12,Lup,6,19.04761866666667,345.1666666666667,378.7185133333333,50.55171099999999,575.1666666666666,8.515620666666665,1498.8417666666667,11.803649333333333,4.829198000000001,2923.2602,20.024716,1.3333333333333333,1.5,0.14285714285714285
Novarchite,Prospect,Okapis,17,6,11,Novarchite,10,20.0000013,258.400002,348.308961,52.378456299999996,354.09998800000005,10.517294799999998,1466.40047,8.8163278,3.00944837,3099.0461999999998,15.466373899999999,1.19999998,0.69999999,0.35294117647058826
Jetwind17,Challenger,Corals,13,6,7,Jetwind17,9,42.857143,311.66666,370.5671,51.71783,501.55554,9.3033085,1554.5316,15.402833,4.710993,2671.6643,22.60166,0.7777778,1.1111112,0.46153846153846156
mmmmgoodtoastRLL,Contender,Sirens,12,9,3,mmmmgoodtoastRLL,4,20.0,315.0,373.4201,45.920425,473.0,12.614835,1379.4586,9.008492,2.8656456,2698.7004,22.520142,0.75,2.0,0.75
SavedHawk,Amateur,Electric Eels,20,8,12,SavedHawk,8,38.46154,189.75,398.97647,54.92428,293.0,11.2724905,1558.1123,14.019244,1.9130656,3235.2146,20.257357,0.75,0.75,0.4
Xero,Master,Care Bears,13,7,6,Xero,4,25.0,229.0,357.3368,55.746387,575.75,7.8954015,1431.3539,10.075835,4.863622,3090.6536,21.457508,1.5,1.5,0.5384615384615384
I_am.Dan,Prospect,Blacksmiths,14,5,9,I_am.Dan,7,50.79364885714285,335.2857142857143,327.67267714285714,52.268965,461.0,8.038883857142858,1418.7454142857143,9.68963042857143,2.061102942857143,3124.7759,16.121960714285713,1.1428571428571428,0.7142857142857143,0.35714285714285715
Magicmike2433,Contender,Caterpillars,17,7,10,Magicmike2433,10,58.82352999999999,290.0,325.452,50.632465,359.2,12.584419,1475.643,8.636503,2.3434958,2899.3582,16.549713,0.4,1.3,0.4117647058823529
StanleyMilkner,Veteran,Gorillas,12,9,3,StanleyMilkner,6,36.842102,450.66666000000004,331.27908,58.456116,455.83333999999996,4.4001718,1381.9425,6.896225,4.6694326,2852.9149999999995,19.834427,0.8333333,0.5,0.75
Hoodlumdoom,Amateur,Surprise,14,4,10,Hoodlumdoom,2,16.666666,223.0,391.0953,47.196312,294.5,29.818457,1517.1907,10.677091,2.7448003,2788.832,21.528769,0.0,0.5,0.2857142857142857
Taiyo,Master,Reapers,12,0,12,Taiyo,7,36.904759999999996,379.14285714285717,397.41022000000004,51.012462428571425,520.4285571428571,11.358951,1541.9723428571428,14.532577,6.990335785714286,3165.0559285714285,21.036345428571426,1.2857142857142858,0.8571428714285714,0.0
mom jeans xl,Prospect,Merchants,14,8,6,mom jeans XL,36,38.92318344444445,289.0555438888889,384.88966444444446,48.290898388888884,500.8333388888889,13.032109388888891,1475.8736888888889,9.196931611111111,1.7657146388888887,3124.054911111111,21.137095888888886,1.083333277777778,0.7777777944444444,0.5714285714285714
Ditto,Master,Nightmare,14,5,9,Ditto,4,40.0,422.0,381.05234,47.145554,316.0,9.1510935,1521.0669,14.374441,6.09302,3144.3699,21.543367,0.75,1.0,0.35714285714285715
Merioch,Prospect,Hostile Takeover,14,8,6,Merioch,8,67.3611125,324.2500025,268.95268250000004,50.604366125,363.1249975,9.0608746375,1394.0248125,6.045591625,3.4571601874999995,2999.1270125,19.966817499999998,0.75,0.625,0.5714285714285714
Valuedsquash465,Prospect,Ankle Biters,15,2,13,ValuedSquash465,21,39.873652761904765,302.1904723809524,376.0202371428571,49.95572804761905,412.3809476190477,11.890229571428572,1527.5925571428572,14.581459999999998,5.157221023809523,2990.026219047619,18.964457095238096,0.9523809714285714,0.5714285766666666,0.13333333333333333
Dizz5625,Veteran,Mosaic Maestros,12,8,4,Dizz5625,2,0.0,349.0,463.98206,52.294754,635.0,15.424514,1571.1838,19.935526,3.5505643,2857.686,19.855312,1.5,1.5,0.6666666666666666
Larr3yy,Amateur,Gnomes,17,8,9,Larr3yy,3,22.222221333333334,224.66666666666666,385.7592333333334,49.840028,484.6666666666667,13.540035099999999,1433.6461333333334,11.793072,1.0867744466666667,3614.672533333333,14.026409000000001,1.3333333333333333,1.3333333333333333,0.47058823529411764
Jdawg118159,Contender,Cheese Pizza,11,7,4,Jdawg118159,5,50.0,347.8,353.31726,47.280632,297.2,14.836392,1491.3876,12.760677,2.394277,3123.3215,19.15917,0.2,0.8,0.6363636363636364
GoldeN,Rival,Whisker Goblins,12,4,8,GoldeN,12,38.6513165,384.41667,375.910095,52.82836900000001,376.91667,8.95707125,1473.6505,13.489448000000001,4.983611000000001,3172.08775,17.2539115,0.8333333,1.5,0.3333333333333333
Perry The Platypus,Prospect,Turbulence,11,4,7,Perry The Platypus,14,16.88311714285714,242.14285714285714,375.99272857142853,50.262730857142856,457.07142857142856,10.993516571428572,1516.4617142857144,11.914865428571428,3.2283791142857146,2989.285942857143,19.213739285714286,0.6428571428571429,0.8571428571428571,0.36363636363636365
Cruz.,Rival,Centuriones,10,3,7,Cruz.,6,31.249998,308.5,299.93637,52.55921,418.5,10.351592,1460.9260000000002,8.7149315,4.671405,3089.1274,21.534254,0.8333333,0.0,0.3
gunz,Contender,Gallery Guild,13,4,9,gunz,4,33.333332,291.5,300.4157,49.454784,322.25,8.016997,1389.8782,8.489434,1.6624753,3147.2153,17.499212,1.25,1.0,0.3076923076923077
HaZard,Elite,Commanders,8,4,4,HaZard,8,43.560604874999996,420.3749875,359.56020624999996,52.634387625,565.5,7.829604624999999,1596.2217875000001,13.141395375,4.18265695,3094.7067500000003,21.977495375,1.8750000249999998,0.3750000125,0.5
Cob,Rival,FA,12,3,9,Cob,5,33.333332,349.0,336.6798,48.15555,429.0,8.300809,1460.4819,7.5777106000000005,3.9751886999999995,3352.1704,17.1284,0.2,0.6,0.25
KING.,Master,Diplomats,12,1,11,KING.,15,20.930235,343.33334,386.4322,47.02628,375.46667,17.150728,1447.2897,10.098097,5.5737424,2730.509,19.040644,0.93333334,1.4666667,0.08333333333333333
vAirwick,Rival,Dice,14,7,7,vAirwick,6,53.84615,394.16666000000004,352.23093,47.40932,292.16666,10.867585,1465.135,9.650092,4.4712105,2774.5186,16.893404,0.33333334,0.8333333,0.5
Redstorm Trooper,Veteran,FA,10,7,3,Redstorm Trooper,5,40.000004,417.2,398.60486,46.480156,481.4,14.122352000000001,1498.8322,10.995634,4.511841,2690.4634,17.593554,0.6,2.0,0.7
ko nanakusa,Prospect,Card Dealers,12,4,8,Ko Nanakusa,7,36.84210642857143,345.42857142857144,374.44671428571434,48.055833428571425,363.0,10.216971857142857,1420.2602571428572,9.380263885714285,4.625280428571429,3229.9915714285717,19.466114428571434,0.0,1.0,0.3333333333333333
Shadows_ss,Contender,Eladrin,18,11,7,Shadows_ss,5,33.333332,262.0,411.48580000000004,48.713894,485.2,9.729995,1568.1549,14.528305,2.2589614,3180.416,16.182262,1.8,1.2,0.6111111111111112
Rafiki,Master,Reapers,12,5,7,rafiki,10,26.923079,362.8,398.15637,52.122383,584.0,10.9299345,1500.837,13.652007000000001,4.4159064,2906.7686,19.986303,1.7,0.7,0.4166666666666667
PenguinCCSRL,Contender,FA,16,4,12,PenguinCCSRL,11,55.75757309090909,280.4545490909091,381.53220181818176,52.22950636363637,443.36364,10.898258545454546,1423.6559727272727,11.441948727272727,3.126825090909091,3514.9905,19.401387363636363,0.6363636181818182,1.0909091272727272,0.25
Jayboaah,Contender,Cheese Pizza,12,5,7,Jayboaah,13,42.30769169230769,283.38462307692305,308.74559384615384,36.936808615384614,411.3076953846154,20.182043000000004,1386.1288692307692,6.673487799999999,1.9274162923076923,2929.648030769231,23.25874776923077,1.2307691769230769,0.53846155,0.4166666666666667
WifiWFB,Veteran,Supernova,10,7,3,WifiWFB,8,37.5,397.0,406.91871000000003,44.4164185,446.375,16.381237249999998,1509.12985,15.21090025,3.7236797,3188.600025,18.023374999999998,1.62499995,1.49999995,0.7
Trvyn,Elite,Goliaths,13,8,5,Trvyn,13,30.505277538461538,360.6923076923077,420.4496384615385,42.29352384615385,489.15384615384613,17.668795153846155,1594.8216615384615,16.801402615384614,5.421700353846154,3044.764446153846,19.44403076923077,1.6923076923076923,0.7692307692307693,0.6153846153846154
wumie,Veteran,Luna Moths,9,4,5,Wumie,15,26.4935096,356.200004,333.64003599999995,47.5284464,440.86666799999995,8.6347169,1450.3573399999998,9.482586999999999,4.05680328,2862.36116,21.4145432,0.6,1.1999999479999999,0.4444444444444444
nuummite,Elite,Tiny Terrors,10,0,10,Nuummite,17,21.133885882352942,313.58824,321.79567882352944,46.004973235294116,455.64706352941175,12.418605647058822,1360.0447941176471,5.298596082352941,4.766540676470589,2882.248405882353,23.084479294117646,0.52941176,1.0,0.0
EvilSuperman_,Contender,Whiff Shots,13,3,10,EvilSuperman_,14,44.31457678571428,294.85714428571424,281.6483214285714,49.28330521428571,351.2142878571429,8.35262092142857,1380.7643928571429,5.89309015,2.4500832357142857,3220.9457428571427,19.200320785714286,0.5,1.0714286071428571,0.23076923076923078
YourEvilTwin,Prospect,Back Flips,10,6,4,YourEvilTwin,6,42.857143,317.66666,416.43844999999993,44.55613300000001,557.1667,16.378757,1423.6555,10.247195,2.5942624,3378.4075,22.391003,5.333333499999999,1.0,0.6
YoloOnTinder,Challenger,FA,9,5,4,YoloOnTinder,6,52.941177,414.33333999999996,337.48373,50.39027000000001,557.3333,13.275278,1522.0316,12.872988,5.220059,2857.114,20.54016,1.1666666,0.33333334,0.5555555555555556
xswanniG,Veteran,Kirin,11,5,6,xSwanniG,4,25.0,321.5,444.08215,50.021523,446.25,10.198945,1560.5607,17.337563,2.9376192,2804.6096,18.9897,0.5,1.0,0.45454545454545453
ADG_Majin_Prez,Amateur,Electric Eels,8,5,3,ADG_Majin_Prez,8,47.59615775,319.625,246.64844250000002,54.678785,236.125,7.9248645,1363.1195,7.804534,1.8949338875000001,3398.928175,18.322223125,0.5,0.6250000124999999,0.625
kgfan3,Contender,Squeaky Bandits,11,1,10,kgfan3,9,33.333334666666666,288.55555333333336,312.53968,52.15953833333333,391.33333999999996,5.626916566666667,1413.3899,7.248426333333334,2.8056648666666666,2957.438166666667,20.16574933333333,0.6666666466666666,0.55555556,0.09090909090909091
Dub_Dill,Elite,Fire,15,1,14,Dub_Dill,6,18.18182,326.0,392.3735,56.6059,706.5,9.426048,1529.5227000000002,12.416329,5.722141,3181.2035999999994,21.945717,0.33333334,1.0,0.06666666666666667
Vaz1fy.,Veteran,Dread,11,4,7,Vaz1fy.,11,23.53895981818182,370.6363672727273,332.8375945454546,47.57433181818181,505.72727272727275,13.534504818181817,1478.4863454545455,12.327954272727272,4.441549181818182,2930.163163636364,19.050901545454543,0.6363636545454545,0.9090909090909091,0.36363636363636365
(P|F)ineapple,Elite,Kings,8,4,4,(P|F)ineapple,4,30.76923,506.0,368.0429,44.4121,456.25,12.985285,1482.7406,11.26826,4.6679177,2779.626,20.356089,0.75,1.25,0.5
itxmarina_,Contender,Jellyfish,10,6,4,itxmarina_,4,31.25,449.0,366.53503,54.368073,573.0,9.364538,1423.3236,9.396727,2.5791001,2928.5623,19.012363,0.25,0.75,0.6
Py Ballwin,Veteran,Drunken Dwarfs,7,6,1,Py Ballwin,6,42.105267,484.5,383.30408000000006,46.96918,661.5,13.113309,1517.9736,14.492772,5.1995306,2845.9934,24.350735,2.1666667,0.6666667,0.8571428571428571
dyn.2,Challenger,Insider Traders,7,3,4,Dyn.2,7,22.222223000000003,307.85715,351.41458,51.563618,373.85715,7.77559,1396.2965,9.069873,3.112828,3279.8325,15.352429,0.85714287,0.71428573,0.42857142857142855
Budz_973,Amateur,Dik-diks,12,7,5,Budz_973,8,30.3571435,347.7500025,282.41005125,52.108524875,288.25000124999997,11.14448625,1374.98945,5.5252812124999995,2.1504951875,3136.76095,20.480153625,0.2500000025,1.4999999750000002,0.5833333333333334
wall2wall3,Master,Olympic Knights,11,3,8,wall2wall3,14,15.596963142857145,255.85714285714286,416.38885571428574,45.74342685714286,447.07142857142856,12.54279742857143,1561.106657142857,15.154437714285715,4.761861057142857,3025.922857142857,17.24248442857143,1.4285714285714286,1.7142857142857142,0.2727272727272727
LostRedjordan,Contender,Gallery Guild,11,5,6,LostRedjordan,4,12.5,245.75,461.36145,44.93935,722.0,18.289522,1491.0087,10.790869,3.8736453,3133.729,23.573696,1.25,0.5,0.45454545454545453
Yoza,Veteran,Werewolves,9,2,7,Yoza,12,22.222223,324.0,415.7162,45.85309,639.4167,18.084864,1522.7470999999998,15.175889,3.9338032999999997,2966.6582,24.770435000000003,1.0,0.9166667,0.2222222222222222
Ikigai,Veteran,Giraffes,8,5,3,Ikigai,3,50.000004,299.33334,383.3162,39.884743,493.33333999999996,16.552853,1478.7296,10.12988,4.487538,2853.336,18.977066,0.33333334,1.0,0.625
bryan_rown_,Prospect,Blacktips,10,8,2,bryan_rown_,5,30.769232,334.0,378.8754,49.266712,608.8,14.4111595,1450.9918,12.238798,3.6267562,2683.2324,27.3156,1.2,0.8,0.8
Lucas,Veteran,Mosaic Maestros,8,1,7,Lucas,104,36.47836432692307,417.18270346153844,422.0911432692307,50.42596274038461,536.4711490384616,13.729258149038461,1575.2302096153846,16.51176473076923,5.357970100961538,3162.5529086538454,20.693747923076923,1.4326922846153847,0.8461538951923077,0.125
zZirellia,Prospect,Red Legion,8,3,5,zZirellia,3,45.45454,468.33333999999996,465.3802,50.01877199999999,607.0,18.554054,1623.8486,20.174181,5.017428,3131.6091,22.013073000000002,1.3333334,0.0,0.375
TangentOgive,Elite,Gelato,7,5,2,TangentOgive,4,23.076923,400.0,360.49182,54.871548,428.5,7.1890125,1452.3944,10.967595,5.046814,2790.7253,17.928108,0.5,2.75,0.7142857142857143
Zoomin,Master,Blackbirds,8,3,5,Zoomin,4,14.285714,397.75,379.5192,40.1334,489.75,17.109936,1595.7152,17.38979,5.7147455,3179.3906,18.339453,0.5,1.5,0.375
Redline,Prospect,FA,9,5,4,Redline,5,26.666668000000005,281.600004,230.169608,47.710239,349.200002,7.224900099999999,1320.58258,5.115846899999999,4.14522358,2612.8053200000004,27.991491200000002,0.0,1.2,0.5555555555555556
Dusk,Prospect,Fairies,8,5,3,Dusk,3,38.461536,453.0,435.37115,53.694885,517.0,11.626924,1520.1538,13.376,3.365027,2934.9960000000005,22.908222,0.33333334,0.33333334,0.625
Hyper,Rival,Tax Evaders,8,3,5,Hyper,6,33.333332,327.5,372.79562000000004,49.019867,392.5,13.189995000000001,1479.8212,11.18453,3.8454132,3163.6252,24.061933999999997,0.33333334,0.5,0.375
M,Rival,Wind,8,3,5,M,6,45.45454,327.33334,333.0336,55.352757,310.66666,4.976378,1472.3706,10.841316,4.672927,3181.4993,16.48559,0.6666667,0.5,0.375
Ur.Fav.Spirit,Contender,Aeronauts,8,2,6,Ur.Fav.Spirit,4,20.0,309.0,363.55905,49.685936,408.25,14.836078,1365.1869,7.0241175,2.3569849,3225.5298,20.091803,1.0,0.5,0.25
golden4789,Veteran,Dragonborn,8,3,5,Golden4789,7,36.50793814285714,356.7142857142857,337.1381428571429,44.544997,399.14285714285717,14.081126428571428,1379.8109285714286,8.300996285714287,2.7067892571428573,2820.5155285714286,21.67623957142857,0.8571428571428571,0.7142857142857143,0.375
OsoGhost,Rival,Demo Chasers,6,2,4,OsoGhost,7,26.66667,261.2857,365.68256,53.750134,484.2857,13.193938,1510.321,11.959793,4.553907,3137.6523,26.356064,1.1428572,0.71428573,0.3333333333333333
bnj ._.,Prospect,Honey Badgers,10,7,3,bnj ._.,2,40.0,314.0,389.18677,45.27543,338.0,15.992816,1491.9569,11.663845,3.7707458,2933.648,16.371004,0.0,1.0,0.7
SuperThr33s,Contender,Abyss,9,6,3,SuperThr33s,3,30.0,299.0,284.59103,49.802246,251.66666999999998,9.250715,1358.8618,5.265401,1.4142079,3513.632,16.109066,1.0,1.0,0.6666666666666666
orphaned baby pangolin,Prospect,Piranhas,9,4,5,Orphaned Baby Pangolin,13,27.435896,267.61538076923074,360.05059846153847,51.54760446153846,545.538463076923,9.906022076923078,1449.3925153846153,9.363548384615386,3.5007631923076925,3180.519676923077,24.132110307692308,0.7692307538461539,1.2307692000000001,0.4444444444444444
wolverine36535,Prospect,Aetherborn,9,5,4,wolverine36535,6,25.000002,224.5,393.41147,54.306713,492.0,11.895215,1418.0311,12.299065,2.3200724,3256.0762,16.183943,0.5,1.1666666,0.5555555555555556
Rocketgirl_32,Contender,Legionarii,8,3,5,Rocketgirl_32,3,37.5,285.66666,323.02817,52.70989,230.0,4.099091,1463.889,7.831851,1.2997382,3163.8582,16.48625,1.0,2.3333333,0.375
S3 UniQ,Rival,Kitsune,6,4,2,S3 UniQ,6,33.333332,326.5,413.39316,48.58276,630.3333,17.505768,1485.0631999999998,10.013879,4.1069155,2742.1024999999995,27.10654,0.33333334,0.6666667,0.6666666666666666
P0pfgf,Elite,Peerless Scarred,6,2,4,P0pfgf,14,26.530613714285714,306.42856857142857,387.09167142857143,54.56919514285715,593.3571428571429,9.461704857142857,1525.4986857142856,11.812847571428572,3.9964309142857144,3146.6879714285715,24.15086542857143,0.35714286,1.4999999714285717,0.3333333333333333
Cynical89,Contender,Mustangs,7,2,5,Cynical89,3,20.000002,270.66666,311.4428,47.42327,438.66666000000004,13.071359,1376.4644,6.623134,4.7376733,3110.779,20.019218,1.0,0.33333334,0.2857142857142857
BAND1TO.,Prospect,Diamondback,7,5,2,BAND1TO.,8,30.729165374999997,329.25,424.51165,48.588808625,454.9999975,15.783592875,1520.5179875,11.466145625,4.774311024999999,2880.1535125,23.5740755,0.3750000125,1.125,0.7142857142857143
Ice Phoenix,Veteran,FA,7,2,5,Ice Phoenix,6,41.17647,335.16666,330.51678,47.471123,304.83334,7.963439,1506.3444,10.244,3.189532,2920.8423,16.05516,0.5,1.1666666,0.2857142857142857
Chillax,Elite,FA,7,2,5,Chillax,9,23.333334,395.1111,395.5177,50.608494,671.3333,9.443486,1622.7828,17.107065,3.286056,3130.716,21.302982,1.2222222,1.2222222,0.2857142857142857
Inflict,Elite,Teddy Bears,6,3,3,Inflict,3,11.111112,438.33333999999996,422.66373,46.677322,536.6667,16.201582,1548.1426,16.34108,6.1034327,2858.956,19.909578,1.0,1.3333334,0.5
TitanPolus,Prospect,Gloom,7,0,7,TitanPolus,5,0.0,222.8,361.68128,57.176034400000006,517.2,7.8219256999999995,1477.65048,13.729827599999998,4.588106359999999,3106.17328,16.949308600000002,0.6,0.8,0.0
BlackAngel7533,Contender,Wobbegongs,6,3,3,BlackAngel7533,7,46.42857142857143,327.2857142857143,326.92783428571425,55.31959585714286,161.85714285714286,8.720434214285715,1488.1352142857143,10.983023285714285,2.6813072,3204.5674857142853,12.775076,0.2857142857142857,1.2857142857142858,0.5
blaiyzur,Veteran,Sons of Ares,4,1,3,Blaiyzur,3,25.000002,358.66666000000004,343.31314,48.738506,347.66666000000004,13.687787,1527.0109999999997,13.698566,4.1219935,3246.1956000000005,21.029581,0.0,1.0,0.25
LiTeS 0uT,Contender,Nebulae,5,2,3,LiTeS 0uT,3,28.571432,362.0,363.18585,46.179947,373.33333999999996,14.650087,1405.8561,6.051145000000001,2.2520359,2721.7776,19.378,0.6666667,0.0,0.4
Shepherd,Master,FA,8,4,4,Shepherd,5,30.000002000000002,323.0,356.20264,52.47774,446.0,7.4971457,1490.3539,12.7548275,6.2664747,2692.419,19.212008,0.6,1.6,0.5
Killua wya,Master,Air Buds,7,4,3,Killua wya,7,21.052632999999997,328.42856,380.7325,51.24566,692.1429,12.560348,1546.687,15.06823,5.10481,2878.6582000000003,23.058144,0.85714287,0.5714286,0.5714285714285714
TTV/DucksNotKeys,Amateur,HR Violation,6,4,2,TTV/DucksNotKeys,2,75.0,349.5,446.06897,53.87804,417.0,9.541666,1493.3334,15.031434,1.2690097,3051.3909,21.46485,1.0,1.5,0.6666666666666666
tacosbruh1299,Prospect,FA,7,2,5,tacosbruh1299,11,12.626262181818184,289.0,385.65692454545456,50.10610236363637,566.0909090909091,13.67872690909091,1456.5880909090909,10.791033272727272,4.1862532,2882.3292636363635,23.464523181818183,1.5454545454545454,0.9090909181818181,0.2857142857142857
Bluefac3s,Amateur,Bombers,12,5,7,BlueFac3s,8,28.571428,221.875,226.93132,52.22848,286.375,5.67902,1273.932,4.0355434,1.634274,2974.9778,18.80405,0.125,1.125,0.4166666666666667
nate,Prospect,Dark Matter,5,3,2,nate,1,25.0,524.0,416.0,56.78,716.0,5.8017697,1655.0,18.438978,1.8204334,3451.0,19.888544,1.0,0.0,0.6
C01E01,Master,Eastern Brown,4,2,2,C01E01,7,22.727274,378.2857,351.5415,52.31464,428.85715,4.5918202,1540.0339,12.875017,4.1142063,2993.2703,20.654232,0.71428573,1.1428572,0.5
MyTyranosaur,Veteran,Giant Squids,4,3,1,MyTyranosaur,6,23.529415,358.16666000000004,374.71262,45.92163,487.33333999999996,13.287886,1533.9259,13.597947,4.611705,3082.3295999999996,22.594437,0.33333334,0.8333333,0.75
Burnset,Elite,Goliaths,5,4,1,Burnset,4,0.0,235.75,364.37332,52.584457,383.0,8.174035,1490.9972,12.835161,3.704102,3074.148,15.832514,1.75,2.25,0.8
Velo,Rival,Polar Ice,5,1,4,Velo,9,29.411766,278.55554,314.6523,42.597466,473.55554,14.507909,1422.418,7.990829999999999,3.1770291,2979.5981,20.174637,0.7777778,1.2222222,0.2
Deesh,Master,FA,4,2,2,Deesh,7,27.272728,405.2857,376.3068,45.94469,778.2857,17.00139,1501.8616,11.976505,5.575739,2792.4275000000002,26.818947,1.2857143,1.2857143,0.5
Detroeux,Prospect,Prism Proteges,4,2,2,Detroeux,3,14.285716,194.0,379.4549,54.82864,419.33333999999996,9.896353,1509.9731,10.68368,4.4239306,2979.6199,20.999254,1.0,0.0,0.5
Stormy Wormy.,Master,FA,4,3,1,Stormy Wormy.,4,30.76923,346.0,431.32477,49.386917,691.75,16.237326,1550.5907,15.854652,4.803955,2967.1375,22.445518,2.0,1.0,0.75
R4p,Contender,Rollers,4,4,0,R4p,11,39.77272727272727,423.0,316.76171181818177,57.420348181818184,544.63636,4.3431145454545454,1411.251918181818,7.469157136363637,2.214794090909091,2984.3523818181816,22.04963409090909,0.6363636363636364,0.5454545490909091,1.0
BulletNote,Prospect,Diamondback,5,3,2,BulletNote,15,36.111109333333324,321.3333333333333,252.3679633333333,51.396560666666666,318.8666666666667,5.5359880666666665,1484.4136666666668,6.4099371,2.7622709333333333,3007.5095333333334,21.105135,0.3333333333333333,1.0666666666666667,0.6
Envy Raptor,Veteran,FA,4,3,1,Envy Raptor,6,30.769232,376.5,398.60168,54.6886,571.6667,9.13698,1495.4666,12.414593000000002,4.7015505,2875.2734,21.406702,1.0,0.5,0.75
iSuperiorAlpha,Elite,Forest Cobra,6,2,4,iSuperiorAlpha,7,42.10526699999999,380.0,400.87628,53.56735199999999,445.2857,12.383093,1569.4108,14.222019,5.485435,3012.234,18.562214,0.85714287,0.71428573,0.3333333333333333
Dayz,Veteran,Middy Meowers,4,3,1,Dayz,12,32.000004,298.25,295.66238,50.74469,388.16666000000004,8.417701,1517.5723,12.352396,4.4694457,2960.32,22.519379,0.33333334,0.5,0.75
BIGbadBULLMAN13,Veteran,FA,4,2,2,BIGbadBULLMAN13,3,16.666668,261.33334,449.11908,51.35965000000001,677.3333,10.447241,1614.7483,17.520329,2.9851475,3336.1423,25.458746,1.0,0.0,0.5
cenc-.-,Challenger,FA,3,1,2,cenc-.-,8,20.833333,315.25,408.73375,50.318653499999996,494.875,17.8921995,1545.2183,11.648247,4.7569395,3033.1392,20.467121,1.5,0.625,0.3333333333333333
Yurrbo?,Elite,Black Widows,5,0,5,yurrbo?,12,10.0250635,274.166665,351.308,53.2365115,522.58333,9.943358,1464.18455,11.6279125,5.11787025,3117.1463500000004,23.349576,0.99999995,0.75,0.0
bev,Elite,FA,3,1,2,bev,3,38.461536,590.0,312.32275,55.39166,347.0,6.635802299999999,1430.0123,8.574895,5.189879,2906.6685,19.08156,0.33333334,2.3333333,0.3333333333333333
oBlueyRL,Prospect,FA,4,1,3,oBlueyRL,9,42.307694444444444,297.1111111111111,333.80192,55.77337,517.4444444444445,9.196420777777778,1494.6766555555557,9.669667888888888,4.385989111111112,3076.4387333333334,21.466213444444445,0.7777777777777778,0.7777777777777778,0.25
BlackHoleX,Amateur,FA,6,0,6,BlackHoleX,3,40.000004,292.66666,292.7493,46.64284,334.0,8.891325,1332.4976,5.8406467,1.7050875,3141.1887,21.556765,0.6666667,1.0,0.0
Oh_Wentzy,Contender,Caterpillars,3,1,2,Oh_Wentzy,11,28.571431181818184,247.27272545454545,280.0832981818182,51.45405309090909,260.72727272727275,10.73268481818182,1443.2440727272726,6.811003972727272,2.6668400727272723,3107.029863636364,17.314929181818183,0.45454545636363636,0.5454545490909091,0.3333333333333333
brdtrd999,Prospect,FA,4,1,3,BrdTrd999,5,17.64706,372.4,425.7188,47.768116,577.4,16.172306,1521.1168,12.256096,4.9005156,3118.0005,23.339958,0.2,1.0,0.25
CarlLion1,Prospect,FA,4,2,2,CarlLion1,4,0.0,213.75,323.81918,39.446518,534.0,16.66716,1451.1417,10.752411,3.3325934,2753.6384,26.139418,1.0,0.25,0.5
Steem,Veteran,Mages,3,0,3,Steem,2,0.0,330.5,323.3277,44.416183,422.5,11.5380535,1473.926,9.354479,4.9965296,3133.1997,17.240644,1.5,1.5,0.0
Timbo,Master,Glacier Mint,4,1,3,Timbo,13,40.0,246.46153,381.35147,50.039036,512.6923,10.214129000000002,1503.9629,11.259539,5.3372416,3032.302,21.299126,1.4615384,1.0,0.25
BeardedFrodo1,Contender,Jesters,3,0,3,BeardedFrodo1,4,14.285714,155.0,290.7789,57.744606,223.75,6.4489255,1474.1539,10.440789,1.327187,3507.8662,15.092775,0.0,1.25,0.0
Xx_pink_man95_xX,Contender,FA,3,0,3,Xx_pink_man95_xX,6,100.0,296.16666,470.0976,51.215595,580.8333,13.45894,1681.901,23.517807,4.190512,3410.7873999999997,17.192492,2.5,0.8333333,0.0
mushxie,Contender,Ice,3,1,2,mushxie,3,28.571432,255.33333000000002,247.86209999999997,55.966587,404.0,7.054967,1447.3125,5.595052,2.8601995,3070.355,26.958952,0.0,0.6666667,0.3333333333333333
FULLBL00DN8V,Amateur,FA,4,1,3,FULLBL00DN8V,6,35.71428533333333,193.0,334.7154266666667,46.429274666666664,369.1666666666667,23.424367,1432.2700666666667,7.6471188,0.88330339,2916.8747333333336,21.301143999999997,1.6666666666666667,0.5,0.25
Hypernova,Veteran,Nighthawks,3,0,3,Hypernova,3,50.000004,401.33333999999996,403.27875,49.86754,529.0,8.173451,1580.6381,14.8371935,4.784633,2992.6655000000005,23.1507,2.3333333,1.0,0.0
Oddety_ | Skrrt Skrrt,Veteran,FA,2,0,2,Oddety_ | Skrrt Skrrt,3,25.000002,330.33334,400.193,50.570175,498.33333999999996,13.441229,1581.2632,15.060653,3.086179,3223.0088,20.586046,1.3333334,1.0,0.0
Zonie789,Amateur,Gnomes,1,0,1,Zonie789,2,100.0,252.0,308.94086,46.02585,292.0,14.27957,1226.4745,5.4614167,0.5729041,2721.4006,14.337009,0.0,0.0,0.0
Girth,Master,Andromeda,1,0,1,Girth,7,26.086956000000004,358.42856,387.27942,46.605920000000005,414.2857,13.146242,1540.393,12.665425,5.985512300000001,2928.8325,22.33414,0.0,2.2857144,0.0
Ni4ki,Contender,Zorillas,1,1,0,Ni4ki,6,52.777781000000004,287.6666666666667,356.06566666666663,55.57917499999999,430.8333333333333,7.1398935833333335,1456.2065,10.528830166666667,2.644480666666667,3120.029583333333,22.744640833333335,0.5,0.5,1.0
BonsaiPanda1775,Contender,Zorillas,1,0,1,BonsaiPanda1775,69,29.53531204347826,256.5362311594203,318.91170724637686,49.40762128985508,448.9999997101449,10.163356244927536,1447.0441739130436,7.411345650724638,2.6670874652173913,2914.1511014492753,19.446127739130432,0.8405797173913044,1.0434782695652174,0.0
roxaa.,Elite,FA,1,1,0,roxaa.,5,18.181818,278.4,391.01373,47.171623,406.4,15.385935,1541.4557,18.051569,4.708346,2729.9778,18.351048,0.6,1.2,1.0
Quagsire.,Amateur,Ball Chasers,3,0,3,Quagsire.,7,71.42857571428571,191.28571571428571,263.92594142857143,48.22504571428572,266.57142857142856,14.218188571428572,1389.1301,8.663201542857141,1.8389613142857144,2696.3398714285713,15.449696,0.1428571457142857,0.0,0.0
:D,Prospect,FA,1,0,1,:D,3,16.666668,250.0,219.2254,58.000576,276.66666,5.776505,1377.8472,5.8355255,2.1029787,2902.4517,21.696419000000002,0.0,0.6666667,0.0
Ace112506,Amateur,Surprise,0,0,0,Ace112506,16,29.6875,138.1875,277.22139125,40.265695625,155.5625005,19.9008294375,1333.1197375,5.05109834375,1.7468080675,3452.27855,12.2092120625,0.375,0.625,0.0
ayylo,Premier,FA,0,0,0,ayylo,4,11.764706,518.5,394.40988,47.946514,881.5,9.38136,1560.728,17.967766,6.567643,2534.443,20.63997,1.0,1.0,0.0
b00kre,Contender,FA,0,0,0,b00kre,13,32.527472384615386,253.69230769230768,376.59698,49.42089761538462,539.5384615384615,11.647257153846153,1502.3154,11.974577538461538,3.6334357846153846,3177.6486307692303,19.86147907692308,0.46153846153846156,0.7692307692307693,0.0
beamish_,Rival,FA,0,0,0,beamish_,6,32.000004,426.83333999999996,402.847,49.997814,583.3333,12.951068999999999,1567.7722,14.958528,3.2311634999999996,2836.6895,23.534773,0.16666667,1.0,0.0
BigWigglyStylezz,Prospect,FA,0,0,0,Bigwigglystylezz,5,50.0,266.2,366.4168,56.705566,308.8,9.650905,1481.9825,9.499544,2.8578465,3089.3374,16.465746,0.6,0.4,0.0
blaiyzur,Rival,Sons of Ares,0,0,0,Blaiyzur,3,25.000002,358.66666000000004,343.31314,48.738506,347.66666000000004,13.687787,1527.0109999999997,13.698566,4.1219935,3246.1956000000005,21.029581,0.0,1.0,0.0
Boomer Knock,Rival,Jets,0,0,0,Boomer Knock,2,16.666666,166.0,335.94037,47.474045,335.0,12.651761,1478.5502,8.186983,3.5643241,3593.5366,17.463041,0.0,0.0,0.0
Classy gary,Prospect,FA,0,0,0,Classy gary,10,11.6666676,276.89999100000006,306.04942,59.456132000000004,355.79999000000004,5.3031331999999995,1492.43121,12.582973,6.1633372500000005,2724.1935000000003,20.9162722,0.9999999909999999,0.300000001,0.0
crazymedic0630,Amateur,FA,0,0,0,crazymedic0630,1,0.0,126.0,287.0,53.08,285.0,9.741047,1324.0,4.630572,2.953227,3571.0,17.999836,1.0,0.0,0.0
Daylon,Elite,FA,0,0,0,Daylon,5,23.529411,485.6,384.51328,55.05718,529.0,7.168922,1498.009,9.267963,5.7742786,3063.5725,19.247763,0.8,0.6,0.0
dibben.,Premier,FA,0,0,0,dibben.,4,37.5,660.5,459.23148,54.310356,1116.75,9.463893,1548.0411,15.903567,7.4159923,2349.3162,22.557632,1.75,2.75,0.0
DLG Parzival,Challenger,Dustwalkers,0,0,0,DLG Parzival,6,41.666664,416.33333999999996,454.1623200000001,46.1697,534.3333,14.502609999999999,1573.9440000000002,13.167812,4.686534,2764.056,25.345951,0.33333334,1.1666666,0.0
Dorphin 2ez,Challenger,Blitzars,0,0,0,Dorphin 2ez,7,21.052632999999997,307.85715,442.18466,49.47369,747.8571,10.331735,1558.0344,14.959755,5.58247,2523.904,27.793062,2.2857144,0.42857143,0.0
ekam-n,Rival,FA,0,0,0,ekam-n,7,44.444447000000004,346.42856,319.31454,46.15582,342.42856,10.901112,1448.5238000000002,9.619809,3.0395463,3380.4392,14.020614,0.14285715,0.42857143,0.0
Envy Raptor,Elite,FA,0,0,0,Envy Raptor,6,30.769232,376.5,398.60168,54.6886,571.6667,9.13698,1495.4666,12.414593000000002,4.7015505,2875.2734,21.406702,1.0,0.5,0.0
fern,Elite,FA,0,0,0,fern,3,27.272725999999995,366.0,369.80343999999997,44.860073,542.3333,12.940486,1554.495,10.323702,6.2481713,2705.9377,23.104916,0.6666667,1.3333334,0.0
Galaxiezz.,Master,Helicoprions,0,0,0,Galaxiezz.,6,29.411764,304.83334,426.51489999999995,50.923157,691.6667000000001,13.7172575,1647.5006999999998,20.834011,4.7272277,3040.7456,26.305677,1.1666666,1.3333334,0.0
Gama The Dwarf,Rival,FA,0,0,0,Gama The Dwarf,3,27.272725999999995,378.33333999999996,368.20837,52.66118,410.33333999999996,9.785115,1484.9637,11.610597,4.5649047,2965.3608,18.713251,1.6666666,1.6666666,0.0
GameyMcGamertag,Prospect,FA,0,0,0,GameyMcGamertag,7,28.571429714285717,274.71428285714285,282.3918985714286,47.044797714285714,387.28571142857146,7.924973885714286,1347.3992999999998,4.884632428571429,2.6212370999999997,2933.7334285714282,19.343415571428572,0.7142857285714285,1.1428571428571428,0.0
gaming_randomly,Amateur,FA,0,0,0,gaming_randomly,2,100.0,164.0,339.45706,47.244236,95.5,13.05968,1251.6754,6.2733607,2.0842493,2632.9082,8.744722,0.5,1.0,0.0
Generous_staple7,Challenger,FA,0,0,0,generous_staple7,3,25.000002,492.33333999999996,387.34818,53.342999999999996,486.0,9.821818,1500.8864,14.033873,4.1957974,2609.4236,17.520622,0.0,0.33333334,0.0
King_Trini,Prospect,FA,0,0,0,King_Trini,7,97.95918357142857,349.85714285714283,342.37420000000003,53.440773571428565,483.2857142857143,9.674476142857142,1457.9454571428573,9.674831285714285,2.0862508714285712,2904.6121857142857,18.997187,0.5714285714285714,0.8571428571428571,0.0
Levibullrush,Rival,FA,0,0,0,levibullrush,7,21.052632999999997,333.57144,372.16675,56.230953,443.7143,6.053054,1496.8542,14.458597,4.034107,3234.7922,16.229124,0.5714286,0.85714287,0.0
locke.,Master,FA,0,0,0,locke.,6,20.0,352.0,521.6764,44.789707,509.83333999999996,17.2,1614.7113,20.2481,6.683592999999999,2618.5715,16.610617,0.5,1.8333334,0.0
Lunar2nd,Amateur,FA,0,0,0,Lunar2nd,2,66.666664,335.0,343.769,53.498207,430.5,13.683425,1378.3438,8.994196,0.91635364,2763.9768,24.491636,2.0,0.5,0.0
Mick,Challenger,FA,0,0,0,Mick,6,40.000004,250.16666999999998,322.712,43.94257000000001,466.5,8.634013,1483.9415,10.638433,2.2198071,3105.3364,19.492376,0.8333333,0.33333334,0.0
MRK720,Contender,FA,0,0,0,MRK720,4,20.0,306.0,353.56787,47.260536,361.25,17.042778,1418.9269,9.047391,3.140371,3482.6436,19.988817,1.25,1.75,0.0
popayes5,Contender,Helldivers,0,0,0,popayes5,3,100.00001000000002,351.33333999999996,487.67172,46.03977,573.3333,15.876003000000003,1548.4442,12.569331,2.8575535,3002.5916,26.040405000000003,1.0,0.6666667,0.0
Rozi-,Master,FA,0,0,0,rozi-,1,0.0,272.0,378.0,46.48,302.0,24.188852,1334.0,7.416201,11.942395,3127.0,11.97401,2.0,1.0,0.0
RXCKOMODE,Veteran,FA,0,0,0,RXCKOMODE,3,33.333332,272.0,444.50647,48.97593700000001,501.33333999999996,12.069513,1549.1727,13.091586999999999,4.1302934,2699.597,23.55323,0.6666667,0.33333334,0.0
Savage,Master,FA,0,0,0,Savage,7,25.0,366.0,403.64417,49.79073999999999,378.57144,9.9046955,1518.5311,14.92132,3.7142444000000006,2881.6738,17.692095,0.71428573,1.5714285,0.0
shaded,Elite,FA,0,0,0,shaded,7,34.453784285714285,385.57142285714286,368.07143428571425,52.92097428571429,481.57142857142856,7.8822087142857145,1475.0571428571432,12.636416285714287,5.2822715,2807.9388857142853,22.216214428571426,1.2857142857142858,1.2857142285714287,0.0
ShxdwNyx,Contender,FA,0,0,0,ShxdwNyx,4,44.444443,372.25,342.59216,50.53871,414.25,11.129299,1469.881,12.539307,5.4546084,2692.8184,18.87542,0.25,0.0,0.0
Stakd,Elite,FA,0,0,0,Stakd,3,0.0,295.33334,393.93774,55.08751,571.6667,6.7346745,1550.0757,15.21093,4.645681,2886.4492000000005,18.573284,0.33333334,0.33333334,0.0
Strages,Rival,FA,0,0,0,Strages,7,42.10526699999999,398.57144,349.75302,45.955967,369.7143,11.069550000000001,1501.1368,11.123184,4.7897635,2876.422,23.896177,0.85714287,0.71428573,0.0
xImpulsekilrx,Prospect,FA,0,0,0,xImpulsekilrx,3,20.000002,291.33334,339.56046,56.23779,352.0,9.264876,1345.6027,7.1776385,3.5945017,3410.7217,17.73688,0.6666667,0.0,0.0
